ADD,SOEN330679,25117
ADD,IVNC320905,25124
GETHP,SPPR330885
GETSV,25162
ADD,MOPR331279,25047
ADD,INSO321005,25182
ADD,LLCT120314,25137
GETHP,MATH132401
ADD,IPPA233277,25030
ADD,PHYS111202,25067
GETHP,INLO220405
GETHP,LLCT120205
GETHP,SPPR330885
ADD,LLCT130105,25052
GETSV,25050
ADD,NEES330380,25061
ADD,IPPA233277,25108
ADD,LLCT120314,25151
ADD,ARIN330585,25158
ADD,LLCT130105,25200
GETSV,25120
GETSV,25030
GETSV,25124
ADD,OPSY330280,25169
ADD,MATH132901,25112
ADD,MOPR331279,25195
GETHP,LLCT220514
ADD,CAAL230180,25136
ADD,SOEN330679,25067
GETHP,CAAL230180
GETHP,INIT130185
GETHP,LLCT130105
ADD,MATH132901,25172
GETSV,25196
ADD,DIPR430685,25168
ADD,PRTE230385,25187
GETHP,INLO220405
ADD,LLCT120205,25002
ADD,LLCT120314,25157
ADD,MATH132901,25180
ADD,SOEN330679,25087
GETHP,DIGR240485
GETSV,25186
ADD,EEEN234162,25045
ADD,ESYS431080,25070
ADD,MATH132501,25009
ADD,MALE431984,25122
ADD,MOPR331279,25013
ADD,FOIT331380,25119
GETHP,LLCT130105
GETSV,25124
ADD,PHYS111202,25047
GETHP,OOPR230279
ADD,ESYS431080,25156
ADD,INPR140285,25143
ADD,MATH132501,25051
GETSV,25178
ADD,SOEN330679,25191
ADD,PHYS130902,25174
ADD,INMA220305,25017
GETHP,MALE431984
GETHP,DIGR240485
ADD,WIPR230579,25142
GETHP,LLCT120205
ADD,MATH132901,25050
ADD,PHYS130902,25006
GETHP,ENCS330537
ADD,OOPR230279,25190
ADD,IQMA220205,25177
ADD,MALE431984,25040
GETHP,IPPA233277
GETSV,25160
GETHP,SPPR330885
ADD,IPPA233277,25024
ADD,FOIT331380,25083
ADD,INMA220305,25077
ADD,INSE330380,25044
ADD,GELA236939,25079
ADD,ENCS330537,25006
ADD,DBMS330284,25009
ADD,MALE431984,25096
GETSV,25030
ADD,ARIN330585,25056
GETSV,25030
ADD,DBMS330284,25107
ADD,MATH132401,25050
ADD,DBMS330284,25061
ADD,CAAL230180,25068
ADD,ENCS330537,25014
ADD,LLCT120314,25057
ADD,WIPR230579,25080
ADD,DBSY240184,25125
ADD,LLCT120314,25055
GETHP,INSE330380
ADD,SPPR330885,25076
ADD,INSO321005,25094
GETHP,WEPR330479
ADD,INLO220405,25182
GETSV,25140
ADD,LLCT120405,25087
ADD,IQMA220205,25009
GETHP,MALE431984
ADD,MOPR331279,25065
ADD,DIGR240485,25168
ADD,GELA236939,25059
GETSV,25138
ADD,LLCT120205,25196
GETHP,LLCT130105
ADD,GELA236939,25185
GETHP,WEPR330479
GETSV,25142
GETSV,25012
ADD,GEFC220105,25175
GETHP,MATH132901
GETHP,DIGR240485
GETHP,DIPR430685
ADD,PHYS130902,25170
GETSV,25200
GETSV,25158
GETSV,25116
ADD,WOPS120390,25024
ADD,DBSY240184,25027
GETHP,PHYS130902
GETHP,SPPR330885
ADD,WIPR230579,25094
GETSV,25116
GETSV,25106
ADD,CAAL230180,25132
GETSV,25114
ADD,GELA236939,25133
ADD,SPPR330885,25020
ADD,GEFC220105,25193
ADD,LESK120190,25024
ADD,LLCT120205,25138
ADD,INIT130185,25036
ADD,MATH132901,25038
GETSV,25180
ADD,MATH132401,25006
ADD,LLCT120405,25089
GETHP,LESK120190
GETHP,ESYS431080
GETSV,25066
GETSV,25176
GETSV,25118
GETSV,25108
GETSV,25106
GETSV,25008
ADD,ARIN330585,25114
ADD,INOT231780,25007
GETHP,WOPS120390
ADD,LLCT120205,25148
ADD,NEES330380,25127
ADD,INLO220405,25166
GETSV,25068
GETHP,WOPS120390
ADD,INLO220405,25174
ADD,EEEN234162,25169
GETHP,OOPR230279
GETSV,25046
ADD,OPSY330280,25049
GETHP,ENCS330537
ADD,MOPR331279,25129
ADD,SPPR330885,25114
ADD,PHYS111202,25165
GETHP,OOPR230279
GETHP,MATH132401
ADD,DIPR430685,25074
ADD,NEES330380,25189
ADD,MOPR331279,25127
ADD,INIT130185,25142
GETSV,25044
ADD,ECOM430984,25105
ADD,INLO220405,25104
ADD,ESYS431080,25146
ADD,PRBE214262,25093
ADD,OOPR230279,25134
ADD,SPPR330885,25168
ADD,WIPR230579,25186
ADD,ECOM430984,25125
ADD,ESYS431080,25164
ADD,GELA236939,25087
ADD,DIGR240485,25070
ADD,MALE431984,25172
ADD,IQMA220205,25191
ADD,INIT130185,25190
GETHP,ARIN330585
ADD,PRTE230385,25195
ADD,OOPR230279,25162
ADD,LLCT120314,25053
ADD,DIPR430685,25064
ADD,GEFC220105,25003
ADD,ENCS330537,25010
ADD,MATH132501,25077
ADD,INSE330380,25148
ADD,CLCO332779,25039
ADD,DIPR430685,25086
ADD,ECOM430984,25153
ADD,INPR140285,25115
ADD,MATH143001,25117
ADD,OPSY330280,25167
ADD,WEPR330479,25126
GETHP,ARIN330585
ADD,DIPR430685,25160
GETHP,MATH132901
ADD,DASA230179,25067
GETHP,INIT130185
ADD,INLO220405,25192
ADD,ENPS220591,25187
ADD,ESYS431080,25154
ADD,FOIT331380,25181
ADD,INSO321005,25068
GETSV,25172
GETHP,MATH132901
ADD,SOEN330679,25095
ADD,INPR140285,25033
GETSV,25166
GETSV,25172
ADD,INSO321005,25110
GETSV,25172
GETSV,25066
ADD,GELA236939,25181
GETHP,INIT130185
GETHP,ESYS431080
ADD,MATH132501,25043
ADD,LLCT130105,25098
ADD,MALE431984,25110
GETSV,25068
ADD,CLCO332779,25119
ADD,WEPR330479,25006
ADD,DIPR430685,25136
GETSV,25070
ADD,OOPR230279,25112
ADD,LLCT130105,25012
GETSV,25074
ADD,INOT231780,25063
ADD,WOPS120390,25070
ADD,LLCT120314,25073
ADD,GELA236939,25035
ADD,MATH132501,25117
GETHP,MALE431984
ADD,GEFC220105,25143
ADD,ENPS220591,25153
ADD,INMA220305,25139
ADD,CAAL230180,25094
ADD,WOPS120390,25160
ADD,INSO321005,25050
ADD,IPPA233277,25164
ADD,SOEN330679,25039
ADD,MALE431984,25166
ADD,EEEN234162,25049
ADD,WEPR330479,25112
ADD,EEEN234162,25155
ADD,ESYS431080,25066
ADD,PHYS111202,25133
ADD,IPPA233277,25172
ADD,CLCO332779,25047
ADD,CLCO332779,25041
ADD,PRTE230385,25109
ADD,MATH132401,25188
GETSV,25130
ADD,MATH143001,25053
ADD,INSE330380,25180
ADD,NEES330380,25023
ADD,OOPR230279,25054
GETSV,25100
REMOVE,SOEN330679,25039
ADD,INOT231780,25121
ADD,MATH132401,25024
GETSV,25122
ADD,OPSY330280,25141
ADD,ENCS330537,25132
GETSV,25114
ADD,WEPR330479,25140
GETSV,25106
GETSV,25160
GETHP,WOPS120390
ADD,LLCT120205,25178
ADD,ENPS220591,25049
GETSV,25038
GETHP,DIGR240485
GETHP,OOPR230279
ADD,CAAL230180,25004
ADD,WIPR230579,25158
ADD,LESK120190,25168
ADD,PRBE214262,25155
ADD,GELA236939,25197
ADD,DBMS330284,25129
GETHP,INSE330380
ADD,OOPR230279,25078
GETSV,25196
ADD,ECOM430984,25119
ADD,LLCT120314,25025
ADD,DIGR240485,25144
ADD,INMA220305,25195
ADD,LLCT120205,25034
ADD,LLCT220514,25148
REMOVE,WEPR330479,25126
ADD,INLO220405,25200
GETSV,25166
GETHP,SPPR330885
GETSV,25102
ADD,EEEN234162,25137
ADD,ESYS431080,25128
GETSV,25088
ADD,INPR140285,25147
GETHP,INSE330380
ADD,DBSY240184,25057
ADD,LLCT120205,25104
GETHP,WOPS120390
ADD,DIGR240485,25160
GETSV,25110
ADD,INSE330380,25072
GETSV,25126
GETSV,25198
GETSV,25188
GETSV,25170
ADD,INSE330380,25086
ADD,PRTE230385,25137
ADD,FOIT331380,25059
ADD,OPSY330280,25069
ADD,INOT231780,25143
ADD,DBSY240184,25065
ADD,ECOM430984,25147
ADD,INSE330380,25122
ADD,LLCT120314,25181
ADD,ECOM430984,25025
ADD,PRBE214262,25187
GETHP,ESYS431080
GETSV,25046
GETSV,25148
ADD,LLCT120314,25023
ADD,WIPR230579,25144
ADD,NEES330380,25093
ADD,INSO321005,25054
ADD,INIT130185,25080
GETSV,25030
ADD,ESYS431080,25120
ADD,DASA230179,25091
ADD,LESK120190,25162
GETSV,25152
ADD,FOIT331380,25011
ADD,ESYS431080,25090
GETSV,25056
ADD,FOIT331380,25123
GETSV,25136
ADD,INPR140285,25059
ADD,ENCS330537,25034
ADD,PRBE214262,25005
ADD,DASA230179,25023
ADD,GELA236939,25009
ADD,MATH143001,25091
ADD,CAAL230180,25002
ADD,MATH143001,25069
GETHP,ESYS431080
GETHP,ENCS330537
ADD,DIGR240485,25040
ADD,DASA230179,25179
GETHP,MATH132401
GETHP,LESK120190
GETHP,MATH132401
GETHP,SPPR330885
ADD,IQMA220205,25031
GETHP,ARIN330585
ADD,MATH132401,25150
GETSV,25092
GETSV,25004
ADD,LLCT120205,25182
GETSV,25196
ADD,ENCS330537,25102
ADD,MATH132901,25152
GETSV,25022
ADD,MATH143001,25107
ADD,LESK120190,25186
ADD,DBSY240184,25045
GETHP,INLO220405
ADD,DIGR240485,25010
ADD,DBSY240184,25093
ADD,INSO321005,25176
ADD,PRBE214262,25179
ADD,ENCS330537,25058
GETSV,25128
ADD,MOPR331279,25085
GETSV,25060
ADD,PRTE230385,25007
ADD,IPPA233277,25126
GETSV,25156
ADD,WOPS120390,25022
ADD,OOPR230279,25024
GETSV,25072
ADD,LLCT120405,25139
ADD,MATH132901,25026
ADD,INPR140285,25197
ADD,GELA236939,25111
GETSV,25028
ADD,ESYS431080,25182
GETHP,LESK120190
GETSV,25132
ADD,LLCT120314,25119
GETHP,SPPR330885
ADD,FOIT331380,25039
GETHP,MATH132901
ADD,WIPR230579,25180
ADD,WIPR230579,25112
REMOVE,DBSY240184,25027
ADD,LLCT130105,25010
ADD,INIT130185,25024
ADD,GELA236939,25147
GETHP,MATH132901
ADD,GEFC220105,25049
ADD,ARIN330585,25176
ADD,PRBE214262,25011
GETHP,LLCT220514
ADD,IPPA233277,25042
GETHP,DIPR430685
ADD,SPPR330885,25146
ADD,DASA230179,25125
GETHP,ARIN330585
ADD,ARIN330585,25178
ADD,DBMS330284,25007
ADD,MALE431984,25014
ADD,GEFC220105,25153
ADD,INSE330380,25176
ADD,WEPR330479,25134
ADD,MATH132401,25088
GETSV,25094
ADD,INSO321005,25088
ADD,MATH132401,25106
GETSV,25136
GETSV,25110
ADD,PHYS130902,25152
GETHP,DIPR430685
ADD,WIPR230579,25004
ADD,INMA220305,25055
ADD,CLCO332779,25145
ADD,INLO220405,25018
ADD,FOIT331380,25173
ADD,LLCT130105,25132
GETHP,INIT130185
GETHP,WOPS120390
ADD,WEPR330479,25074
GETSV,25176
ADD,IVNC320905,25162
GETSV,25016
ADD,IQMA220205,25051
GETHP,ENCS330537
ADD,INOT231780,25043
GETSV,25056
GETSV,25054
GETSV,25028
GETSV,25058
ADD,INIT130185,25116
ADD,MOPR331279,25071
ADD,PRBE214262,25137
ADD,INLO220405,25114
ADD,LLCT120405,25015
REMOVE,MATH132401,25006
ADD,PRBE214262,25025
ADD,SOEN330679,25059
ADD,MATH132401,25018
GETHP,MATH132401
ADD,INOT231780,25055
GETHP,CAAL230180
GETHP,SPPR330885
ADD,LLCT130105,25146
ADD,INIT130185,25180
GETHP,LLCT120205
ADD,INIT130185,25092
ADD,MOPR331279,25063
ADD,LLCT120314,25081
GETHP,WIPR230579
ADD,ENPS220591,25083
ADD,MALE431984,25124
GETSV,25194
ADD,MATH132901,25004
ADD,LLCT120205,25174
GETSV,25196
ADD,INOT231780,25015
ADD,IPPA233277,25176
GETSV,25094
ADD,PRTE230385,25105
ADD,ECOM430984,25027
ADD,CAAL230180,25078
GETSV,25044
REMOVE,INMA220305,25055
ADD,LLCT130105,25070
ADD,CLCO332779,25137
ADD,ENCS330537,25112
ADD,GEFC220105,25035
GETSV,25192
ADD,INMA220305,25163
GETHP,INSE330380
ADD,MATH132501,25011
ADD,MATH132401,25098
ADD,DIPR430685,25180
ADD,OPSY330280,25031
ADD,EEEN234162,25147
ADD,WEPR330479,25122
GETSV,25112
ADD,GEFC220105,25123
GETSV,25056
GETHP,LLCT130105
ADD,IQMA220205,25043
ADD,ENCS330537,25114
ADD,INIT130185,25140
ADD,INSO321005,25158
GETSV,25148
ADD,ARIN330585,25110
GETSV,25092
ADD,NEES330380,25007
ADD,LLCT120405,25105
GETHP,INLO220405
ADD,EEEN234162,25033
ADD,IPPA233277,25160
GETSV,25062
ADD,DBMS330284,25109
ADD,INMA220305,25071
REMOVE,ESYS431080,25070
ADD,DIPR430685,25144
GETHP,LESK120190
ADD,GELA236939,25195
ADD,DBSY240184,25029
GETHP,LLCT220514
ADD,PHYS130902,25162
ADD,INPR140285,25069
ADD,WIPR230579,25070
ADD,ESYS431080,25136
ADD,DBMS330284,25115
ADD,WIPR230579,25146
ADD,NEES330380,25161
ADD,INSE330380,25112
ADD,ARIN330585,25098
GETSV,25016
ADD,MATH143001,25187
ADD,INIT130185,25082
ADD,INOT231780,25117
ADD,MATH132501,25183
GETHP,ARIN330585
ADD,MALE431984,25108
ADD,LLCT120205,25030
GETHP,LLCT130105
GETHP,MATH132901
GETHP,LESK120190
ADD,ECOM430984,25193
GETSV,25072
ADD,DASA230179,25187
GETHP,WOPS120390
ADD,DIGR240485,25058
ADD,FOIT331380,25013
GETHP,ARIN330585
REMOVE,MATH132901,25050
ADD,OPSY330280,25013
ADD,WEPR330479,25164
ADD,INMA220305,25099
GETHP,SPPR330885
ADD,MALE431984,25016
ADD,DASA230179,25107
ADD,PHYS130902,25194
ADD,PHYS111202,25183
ADD,ENCS330537,25126
ADD,CLCO332779,25017
ADD,WOPS120390,25082
ADD,EEEN234162,25053
ADD,ARIN330585,25068
ADD,LLCT120314,25079
GETSV,25004
GETSV,25074
ADD,MATH143001,25133
ADD,DASA230179,25103
GETHP,OOPR230279
GETHP,DIPR430685
ADD,IVNC320905,25122
GETHP,INIT130185
ADD,CLCO332779,25121
ADD,LLCT120405,25123
ADD,WIPR230579,25018
ADD,PRTE230385,25077
ADD,LLCT120205,25100
ADD,ENPS220591,25095
GETHP,LLCT220514
GETHP,CAAL230180
GETHP,ESYS431080
ADD,INMA220305,25149
GETHP,ENCS330537
ADD,LLCT120314,25005
ADD,ECOM430984,25159
ADD,IVNC320905,25030
ADD,INOT231780,25105
GETHP,WEPR330479
GETHP,LESK120190
ADD,MATH132901,25140
GETHP,LLCT120205
ADD,ARIN330585,25116
ADD,PHYS111202,25095
GETHP,ARIN330585
ADD,LLCT130105,25014
ADD,MATH132901,25160
ADD,OPSY330280,25011
ADD,MATH132401,25010
ADD,LESK120190,25012
GETSV,25034
GETSV,25200
GETHP,MALE431984
ADD,NEES330380,25183
ADD,ENPS220591,25185
REMOVE,PRBE214262,25155
GETHP,IVNC320905
ADD,IVNC320905,25136
ADD,SPPR330885,25138
ADD,LLCT120314,25125
GETSV,25146
GETSV,25104
ADD,SOEN330679,25131
ADD,DIPR430685,25128
ADD,LLCT120314,25195
ADD,IPPA233277,25018
GETHP,PHYS130902
GETHP,LESK120190
ADD,INSO321005,25048
ADD,OPSY330280,25035
ADD,INSO321005,25098
ADD,LLCT120405,25005
ADD,MATH132401,25100
ADD,GEFC220105,25009
GETHP,LLCT130105
ADD,WEPR330479,25102
GETSV,25174
REMOVE,INOT231780,25043
ADD,WOPS120390,25162
ADD,INMA220305,25061
GETHP,WIPR230579
GETHP,IPPA233277
GETSV,25120
ADD,NEES330380,25171
ADD,GELA236939,25165
GETHP,ESYS431080
ADD,SPPR330885,25026
GETSV,25144
REMOVE,PRTE230385,25187
GETHP,INLO220405
ADD,WEPR330479,25040
GETSV,25066
ADD,DBMS330284,25183
ADD,WOPS120390,25094
GETSV,25198
ADD,MOPR331279,25041
ADD,MALE431984,25180
ADD,MATH132501,25047
ADD,MATH143001,25193
ADD,ARIN330585,25024
GETSV,25054
ADD,INSO321005,25080
ADD,ARIN330585,25130
ADD,DASA230179,25133
ADD,WEPR330479,25020
ADD,INPR140285,25079
REMOVE,DBSY240184,25057
GETHP,ENCS330537
ADD,MALE431984,25176
GETSV,25038
ADD,LLCT120314,25065
GETHP,INSO321005
ADD,PHYS111202,25041
ADD,LESK120190,25056
ADD,FOIT331380,25043
ADD,LLCT120205,25018
GETSV,25136
ADD,GEFC220105,25011
ADD,OPSY330280,25133
GETHP,LLCT120205
GETSV,25056
ADD,DBMS330284,25123
ADD,PRBE214262,25183
ADD,ESYS431080,25126
ADD,MATH132501,25161
ADD,INLO220405,25072
ADD,MATH132401,25146
ADD,DIGR240485,25172
GETHP,MATH132901
ADD,WIPR230579,25060
GETSV,25074
ADD,INOT231780,25173
ADD,OPSY330280,25183
GETSV,25108
ADD,SOEN330679,25015
GETHP,MALE431984
ADD,MATH132401,25142
ADD,INSO321005,25064
ADD,DBMS330284,25035
GETHP,OOPR230279
ADD,CAAL230180,25096
ADD,PHYS111202,25107
ADD,GELA236939,25141
ADD,LESK120190,25030
ADD,INSO321005,25008
ADD,PHYS111202,25099
ADD,MATH143001,25157
GETHP,MALE431984
GETHP,WOPS120390
ADD,PRTE230385,25149
GETHP,INLO220405
GETHP,MATH132401
GETHP,INLO220405
GETSV,25068
ADD,LLCT120205,25022
GETSV,25196
GETSV,25058
GETSV,25112
GETSV,25054
ADD,INIT130185,25192
GETSV,25074
ADD,EEEN234162,25141
ADD,WIPR230579,25108
ADD,SOEN330679,25055
ADD,IVNC320905,25182
ADD,INMA220305,25097
ADD,OOPR230279,25096
ADD,WEPR330479,25194
GETHP,PHYS130902
ADD,WOPS120390,25042
ADD,PHYS111202,25181
GETHP,OOPR230279
ADD,MATH132501,25037
ADD,INSO321005,25020
ADD,OPSY330280,25047
GETHP,LESK120190
ADD,INLO220405,25060
ADD,SPPR330885,25096
GETSV,25078
ADD,PRTE230385,25041
ADD,INLO220405,25032
GETHP,SPPR330885
ADD,IVNC320905,25072
ADD,MATH143001,25051
GETSV,25096
ADD,GELA236939,25003
GETHP,ENCS330537
GETHP,IVNC320905
ADD,ENCS330537,25200
ADD,OPSY330280,25027
GETSV,25080
ADD,ECOM430984,25187
GETHP,ESYS431080
REMOVE,LLCT120314,25005
ADD,DASA230179,25127
ADD,ARIN330585,25198
ADD,PRBE214262,25065
GETSV,25086
ADD,EEEN234162,25129
ADD,GELA236939,25067
GETSV,25096
ADD,GEFC220105,25075
ADD,SOEN330679,25149
REMOVE,INSE330380,25180
GETSV,25156
GETSV,25094
GETHP,MALE431984
GETHP,INIT130185
GETHP,WOPS120390
ADD,INIT130185,25130
GETSV,25104
ADD,PRBE214262,25195
ADD,LLCT220514,25114
ADD,NEES330380,25137
ADD,SPPR330885,25160
GETHP,IPPA233277
GETSV,25070
ADD,DASA230179,25017
ADD,PHYS130902,25008
ADD,DBSY240184,25011
ADD,INMA220305,25189
GETHP,ENCS330537
GETHP,DIGR240485
ADD,CAAL230180,25050
ADD,WIPR230579,25132
GETSV,25154
ADD,MATH132901,25028
REMOVE,CLCO332779,25039
ADD,MATH132901,25030
ADD,DASA230179,25185
GETHP,PHYS130902
GETSV,25172
ADD,MOPR331279,25119
GETSV,25164
GETSV,25170
GETHP,INSE330380
ADD,INIT130185,25178
ADD,DBMS330284,25045
ADD,LLCT120205,25188
GETSV,25074
GETSV,25080
ADD,MATH132501,25179
ADD,DIGR240485,25098
GETHP,INIT130185
ADD,NEES330380,25077
ADD,WIPR230579,25076
ADD,MOPR331279,25153
ADD,ENCS330537,25160
ADD,PHYS111202,25011
GETHP,INLO220405
ADD,MATH132501,25053
ADD,LLCT120205,25036
GETSV,25034
ADD,PRTE230385,25181
ADD,CAAL230180,25172
GETSV,25002
ADD,IQMA220205,25199
GETHP,DIGR240485
GETSV,25068
GETSV,25146
ADD,GELA236939,25157
ADD,DIPR430685,25156
ADD,IQMA220205,25175
ADD,WOPS120390,25056
ADD,EEEN234162,25165
ADD,LLCT120314,25103
REMOVE,LLCT120314,25137
ADD,INSE330380,25032
GETHP,INLO220405
ADD,LLCT130105,25152
ADD,INMA220305,25187
ADD,DASA230179,25045
ADD,CAAL230180,25084
ADD,EEEN234162,25191
GETSV,25198
GETSV,25116
ADD,FOIT331380,25001
GETHP,PHYS130902
ADD,LLCT130105,25096
ADD,PRTE230385,25163
GETHP,WIPR230579
ADD,WEPR330479,25032
ADD,GELA236939,25171
ADD,IVNC320905,25186
GETSV,25080
GETHP,IVNC320905
GETSV,25166
ADD,DBSY240184,25145
ADD,CAAL230180,25192
REMOVE,FOIT331380,25123
ADD,ENCS330537,25162
ADD,EEEN234162,25077
GETHP,IPPA233277
ADD,SPPR330885,25098
ADD,DIPR430685,25118
ADD,DASA230179,25049
ADD,MATH132401,25168
ADD,DBSY240184,25147
GETHP,WEPR330479
ADD,OOPR230279,25144
ADD,IQMA220205,25159
GETHP,CAAL230180
ADD,OOPR230279,25148
ADD,DBMS330284,25063
ADD,GELA236939,25073
GETHP,WOPS120390
ADD,MALE431984,25062
GETSV,25148
ADD,DBMS330284,25079
ADD,LLCT130105,25094
ADD,MATH143001,25065
REMOVE,PHYS130902,25008
GETSV,25182
ADD,GELA236939,25025
REMOVE,INSO321005,25064
ADD,MATH132901,25114
ADD,LLCT120205,25166
ADD,GEFC220105,25041
GETSV,25086
ADD,ENPS220591,25081
ADD,LESK120190,25040
ADD,EEEN234162,25083
ADD,IVNC320905,25082
GETSV,25114
GETHP,INIT130185
GETHP,WIPR230579
GETHP,ARIN330585
ADD,MATH143001,25003
ADD,ENPS220591,25157
ADD,SPPR330885,25084
ADD,PHYS130902,25070
ADD,PHYS111202,25049
GETHP,DIGR240485
ADD,ESYS431080,25096
GETHP,MATH132901
ADD,LLCT130105,25184
ADD,LESK120190,25018
GETSV,25040
ADD,PHYS111202,25093
ADD,WIPR230579,25052
ADD,ECOM430984,25183
ADD,CAAL230180,25142
REMOVE,INSO321005,25088
GETSV,25062
ADD,DBMS330284,25001
REMOVE,ARIN330585,25024
GETSV,25166
ADD,CAAL230180,25200
ADD,IVNC320905,25076
GETHP,MATH132901
REMOVE,INIT130185,25116
ADD,PRTE230385,25095
GETHP,LLCT120205
REMOVE,EEEN234162,25137
GETHP,PHYS130902
ADD,DIGR240485,25118
ADD,GEFC220105,25017
GETHP,WOPS120390
ADD,INMA220305,25001
GETSV,25086
ADD,LLCT120314,25121
GETHP,ARIN330585
ADD,PRTE230385,25085
ADD,NEES330380,25135
ADD,GELA236939,25097
GETHP,LLCT120205
GETHP,MATH132401
GETHP,LLCT120205
ADD,ARIN330585,25058
ADD,MATH143001,25125
GETHP,WEPR330479
GETHP,DIGR240485
ADD,LESK120190,25138
GETSV,25120
ADD,IVNC320905,25138
GETSV,25080
GETSV,25174
REMOVE,MATH132401,25024
GETSV,25086
ADD,NEES330380,25193
ADD,MATH132901,25008
REMOVE,LLCT120205,25002
ADD,SPPR330885,25060
REMOVE,SOEN330679,25095
GETHP,LLCT120205
ADD,EEEN234162,25047
ADD,INLO220405,25054
REMOVE,MATH132901,25112
GETSV,25062
GETSV,25158
ADD,GELA236939,25011
REMOVE,LLCT120205,25148
ADD,MATH132901,25080
ADD,IQMA220205,25003
ADD,INLO220405,25066
GETSV,25024
GETHP,WOPS120390
GETSV,25166
ADD,MATH132401,25160
ADD,CLCO332779,25171
ADD,IQMA220205,25053
GETHP,LLCT220514
ADD,ECOM430984,25037
GETSV,25034
ADD,CLCO332779,25005
REMOVE,CLCO332779,25017
ADD,WIPR230579,25056
ADD,LLCT130105,25066
GETSV,25008
ADD,WOPS120390,25148
ADD,CLCO332779,25103
GETHP,OOPR230279
ADD,INPR140285,25081
ADD,MATH132901,25016
ADD,ENPS220591,25181
ADD,ESYS431080,25148
ADD,ECOM430984,25135
GETHP,ENCS330537
GETHP,LLCT220514
REMOVE,IVNC320905,25072
GETSV,25022
REMOVE,PRBE214262,25065
ADD,OOPR230279,25122
ADD,ENPS220591,25053
ADD,IQMA220205,25071
ADD,IPPA233277,25022
ADD,EEEN234162,25099
GETHP,ENCS330537
ADD,OOPR230279,25152
GETSV,25030
ADD,IQMA220205,25033
REMOVE,LLCT130105,25200
ADD,LLCT220514,25042
ADD,LLCT220514,25164
REMOVE,SOEN330679,25087
GETHP,DIPR430685
ADD,INSO321005,25082
ADD,NEES330380,25191
ADD,INSO321005,25126
ADD,DASA230179,25113
GETHP,INSE330380
GETHP,ARIN330585
GETHP,OOPR230279
ADD,LESK120190,25034
ADD,INPR140285,25061
ADD,LLCT120205,25020
ADD,OOPR230279,25198
ADD,NEES330380,25145
ADD,INIT130185,25072
ADD,DBMS330284,25091
ADD,LLCT120205,25108
GETSV,25042
ADD,DBSY240184,25199
REMOVE,CAAL230180,25078
ADD,PRBE214262,25131
GETHP,LESK120190
ADD,MOPR331279,25187
ADD,DIPR430685,25186
ADD,PRBE214262,25077
GETHP,MALE431984
GETSV,25190
ADD,LLCT220514,25200
GETSV,25126
GETHP,MALE431984
ADD,ARIN330585,25190
ADD,INPR140285,25177
GETHP,OOPR230279
ADD,WOPS120390,25120
GETHP,ARIN330585
REMOVE,WOPS120390,25160
ADD,OPSY330280,25061
ADD,INPR140285,25055
ADD,PHYS111202,25105
ADD,INSE330380,25194
GETHP,DIGR240485
ADD,ESYS431080,25034
ADD,MATH132901,25044
GETHP,WEPR330479
REMOVE,LESK120190,25012
ADD,SOEN330679,25119
GETSV,25094
GETSV,25180
ADD,ECOM430984,25063
ADD,MALE431984,25030
ADD,IPPA233277,25144
ADD,GEFC220105,25171
ADD,DIGR240485,25138
REMOVE,OPSY330280,25061
ADD,ESYS431080,25084
GETSV,25098
GETSV,25064
ADD,DBMS330284,25131
ADD,DIGR240485,25170
GETSV,25072
GETSV,25096
GETSV,25158
GETHP,WOPS120390
ADD,ENCS330537,25046
GETSV,25052
GETSV,25032
ADD,INMA220305,25091
REMOVE,IQMA220205,25009
GETHP,INSO321005
ADD,WOPS120390,25190
GETSV,25116
ADD,LLCT120405,25167
REMOVE,PRBE214262,25025
REMOVE,DBSY240184,25011
ADD,DIPR430685,25058
ADD,WOPS120390,25188
GETSV,25122
ADD,PHYS111202,25005
ADD,MATH143001,25167
ADD,EEEN234162,25057
GETHP,IPPA233277
ADD,PRBE214262,25117
GETHP,CAAL230180
GETHP,INLO220405
GETHP,ESYS431080
ADD,IPPA233277,25142
GETSV,25028
ADD,MOPR331279,25199
ADD,CLCO332779,25097
GETHP,INSO321005
ADD,ECOM430984,25177
GETHP,ARIN330585
ADD,LLCT130105,25022
ADD,SOEN330679,25001
GETSV,25182
ADD,IVNC320905,25050
GETSV,25024
GETSV,25014
REMOVE,GELA236939,25009
ADD,MATH132401,25070
ADD,MATH132401,25128
GETHP,CAAL230180
GETHP,WEPR330479
ADD,GEFC220105,25195
ADD,CAAL230180,25028
REMOVE,NEES330380,25007
GETSV,25004
REMOVE,WIPR230579,25070
GETSV,25044
GETHP,MATH132901
REMOVE,DASA230179,25103
ADD,SPPR330885,25190
GETSV,25180
GETSV,25194
GETSV,25136
GETSV,25086
ADD,ENPS220591,25179
ADD,ENCS330537,25018
ADD,INMA220305,25021
ADD,DIGR240485,25166
GETSV,25148
GETSV,25050
REMOVE,GELA236939,25157
GETHP,INLO220405
GETHP,LLCT130105
GETSV,25160
REMOVE,LLCT130105,25132
GETHP,INSO321005
GETHP,DIGR240485
GETSV,25176
GETHP,MATH132901
ADD,INSE330380,25120
REMOVE,FOIT331380,25011
ADD,IVNC320905,25178
GETSV,25122
GETSV,25088
GETSV,25074
REMOVE,MATH132401,25150
ADD,MATH143001,25041
ADD,MATH132401,25200
ADD,LLCT120405,25115
GETSV,25024
GETSV,25182
GETHP,DIPR430685
ADD,LLCT120205,25118
ADD,IQMA220205,25065
ADD,SOEN330679,25101
GETSV,25122
ADD,ESYS431080,25012
GETSV,25114
ADD,PRBE214262,25181
ADD,MALE431984,25060
ADD,DBMS330284,25023
REMOVE,LLCT120405,25115
ADD,CAAL230180,25138
ADD,MATH143001,25095
GETHP,SPPR330885
REMOVE,DASA230179,25127
GETHP,PHYS130902
ADD,ESYS431080,25116
ADD,ENPS220591,25103
ADD,ESYS431080,25058
GETSV,25008
ADD,SPPR330885,25010
GETSV,25040
ADD,LLCT120405,25043
ADD,DBMS330284,25189
GETHP,WEPR330479
ADD,INMA220305,25197
ADD,INIT130185,25164
ADD,INOT231780,25119
ADD,WOPS120390,25086
ADD,MATH132501,25001
ADD,ARIN330585,25144
ADD,OOPR230279,25092
ADD,INSE330380,25182
ADD,LLCT120314,25113
ADD,SPPR330885,25184
GETHP,WEPR330479
GETHP,IVNC320905
GETHP,INSE330380
GETHP,WOPS120390
GETHP,IVNC320905
REMOVE,WIPR230579,25186
ADD,LLCT220514,25124
GETSV,25082
REMOVE,MATH143001,25125
ADD,WEPR330479,25052
ADD,SOEN330679,25063
ADD,WEPR330479,25022
REMOVE,LLCT120405,25105
GETHP,WIPR230579
REMOVE,DIGR240485,25168
GETSV,25030
ADD,EEEN234162,25177
GETHP,SPPR330885
GETSV,25116
ADD,DASA230179,25175
ADD,PHYS130902,25182
ADD,MATH132501,25091
GETHP,INSO321005
ADD,MATH132401,25122
ADD,IQMA220205,25181
ADD,ESYS431080,25022
GETSV,25094
GETSV,25164
ADD,MALE431984,25134
ADD,INLO220405,25056
REMOVE,CLCO332779,25171
ADD,WOPS120390,25002
ADD,SOEN330679,25169
GETSV,25078
ADD,MATH132901,25040
GETSV,25038
ADD,MATH143001,25121
ADD,MALE431984,25192
GETSV,25084
ADD,DBMS330284,25055
GETHP,INSE330380
GETHP,WIPR230579
ADD,NEES330380,25181
GETSV,25106
ADD,ENCS330537,25108
ADD,FOIT331380,25111
ADD,LLCT130105,25102
ADD,IQMA220205,25075
ADD,OOPR230279,25138
ADD,PHYS111202,25101
ADD,MATH132401,25124
REMOVE,INLO220405,25054
GETSV,25156
ADD,MATH132501,25039
ADD,ARIN330585,25166
REMOVE,GEFC220105,25041
ADD,OPSY330280,25149
ADD,LLCT130105,25044
REMOVE,WOPS120390,25086
ADD,LLCT120405,25025
ADD,WOPS120390,25192
ADD,OPSY330280,25155
ADD,LLCT120405,25199
ADD,CAAL230180,25006
ADD,ECOM430984,25169
GETHP,LLCT130105
ADD,OOPR230279,25174
ADD,DASA230179,25101
ADD,INPR140285,25103
ADD,ARIN330585,25118
GETHP,WEPR330479
ADD,PHYS111202,25125
ADD,ARIN330585,25086
ADD,PHYS111202,25009
REMOVE,WOPS120390,25192
ADD,LLCT130105,25154
ADD,IPPA233277,25188
GETHP,ESYS431080
ADD,MALE431984,25182
ADD,INMA220305,25051
GETHP,LLCT220514
GETHP,LESK120190
ADD,LLCT120405,25027
GETHP,WEPR330479
REMOVE,INSE330380,25182
ADD,EEEN234162,25081
GETHP,MALE431984
GETHP,ESYS431080
ADD,INSO321005,25180
ADD,OPSY330280,25135
GETHP,LESK120190
GETHP,OOPR230279
ADD,MATH132401,25156
ADD,INMA220305,25153
GETHP,MALE431984
ADD,ENCS330537,25158
REMOVE,INIT130185,25192
GETSV,25080
REMOVE,ENCS330537,25018
ADD,GEFC220105,25015
ADD,MOPR331279,25049
ADD,INIT130185,25048
ADD,GEFC220105,25147
REMOVE,DIGR240485,25058
GETHP,ESYS431080
ADD,LLCT120205,25002
ADD,DBSY240184,25085
ADD,IVNC320905,25046
GETSV,25108
ADD,MATH132501,25057
GETHP,INSO321005
REMOVE,DBMS330284,25123
ADD,PRTE230385,25029
GETHP,MALE431984
ADD,DIGR240485,25162
GETSV,25032
ADD,MATH132501,25195
REMOVE,ARIN330585,25130
ADD,IVNC320905,25172
ADD,GELA236939,25119
GETHP,MALE431984
GETHP,CAAL230180
GETSV,25032
REMOVE,INIT130185,25178
ADD,MATH143001,25061
REMOVE,MOPR331279,25063
ADD,PHYS130902,25054
GETHP,SPPR330885
ADD,MATH132901,25174
ADD,INPR140285,25137
GETHP,MATH132401
ADD,GELA236939,25009
ADD,ARIN330585,25192
GETHP,INSO321005
GETSV,25110
GETHP,LESK120190
ADD,WOPS120390,25144
GETSV,25062
GETSV,25190
GETSV,25094
GETSV,25028
GETHP,INSO321005
ADD,IVNC320905,25156
GETSV,25178
ADD,PHYS111202,25061
GETHP,DIPR430685
GETHP,DIPR430685
ADD,ARIN330585,25032
ADD,CLCO332779,25179
ADD,OOPR230279,25194
ADD,LLCT120405,25037
GETHP,SPPR330885
GETHP,PHYS130902
REMOVE,IVNC320905,25136
ADD,INPR140285,25195
ADD,LLCT120314,25173
ADD,INSO321005,25052
GETSV,25146
ADD,PHYS130902,25124
REMOVE,FOIT331380,25039
ADD,OOPR230279,25014
ADD,MOPR331279,25091
GETHP,INSO321005
ADD,INSO321005,25136
ADD,GELA236939,25107
ADD,DBSY240184,25165
ADD,INIT130185,25160
GETSV,25136
GETSV,25038
ADD,CLCO332779,25057
ADD,MATH132901,25112
ADD,ARIN330585,25012
ADD,DBMS330284,25143
GETHP,INIT130185
GETHP,IVNC320905
ADD,LLCT130105,25004
ADD,IQMA220205,25079
ADD,DIPR430685,25182
GETSV,25156
REMOVE,NEES330380,25183
ADD,MATH143001,25001
ADD,LLCT130105,25048
ADD,ENPS220591,25003
ADD,LLCT220514,25066
ADD,ENPS220591,25069
ADD,PHYS130902,25156
ADD,INMA220305,25063
ADD,ECOM430984,25009
ADD,MALE431984,25104
ADD,EEEN234162,25091
ADD,WIPR230579,25154
ADD,PHYS111202,25037
ADD,PRBE214262,25119
ADD,DIGR240485,25038
ADD,ECOM430984,25017
ADD,GEFC220105,25019
ADD,WOPS120390,25154
GETHP,LESK120190
REMOVE,INSO321005,25020
ADD,SOEN330679,25007
ADD,WEPR330479,25110
ADD,PHYS111202,25185
ADD,PHYS130902,25120
GETSV,25134
ADD,DBSY240184,25009
GETHP,ENCS330537
GETHP,ARIN330585
ADD,LLCT220514,25044
ADD,PRBE214262,25135
ADD,WIPR230579,25046
GETSV,25092
ADD,PHYS111202,25087
GETHP,SPPR330885
ADD,DBSY240184,25041
GETHP,DIGR240485
GETHP,INSO321005
GETHP,IPPA233277
ADD,IPPA233277,25092
GETSV,25196
GETSV,25138
REMOVE,INIT130185,25036
ADD,GELA236939,25183
GETHP,DIGR240485
GETHP,LESK120190
ADD,DIPR430685,25042
ADD,INOT231780,25103
ADD,PRBE214262,25105
GETHP,ESYS431080
GETHP,IVNC320905
ADD,DBMS330284,25151
ADD,SPPR330885,25062
ADD,IQMA220205,25057
GETHP,DIGR240485
REMOVE,IVNC320905,25182
ADD,MATH143001,25171
ADD,SPPR330885,25050
GETHP,MATH132401
ADD,WOPS120390,25034
GETHP,ENCS330537
GETHP,LESK120190
GETHP,LLCT130105
GETHP,SPPR330885
ADD,PHYS130902,25166
ADD,ECOM430984,25091
REMOVE,SPPR330885,25050
ADD,LLCT120405,25173
GETHP,OOPR230279
ADD,PHYS130902,25050
ADD,LLCT120405,25181
ADD,WIPR230579,25100
GETSV,25042
REMOVE,MATH143001,25157
REMOVE,WIPR230579,25076
GETHP,MATH132401
ADD,DIGR240485,25198
GETSV,25022
GETHP,WOPS120390
ADD,WEPR330479,25086
ADD,PRBE214262,25129
ADD,GELA236939,25123
ADD,MATH132501,25045
GETHP,WIPR230579
ADD,WEPR330479,25050
GETSV,25024
ADD,LLCT130105,25170
ADD,INLO220405,25172
ADD,ENCS330537,25056
ADD,OPSY330280,25179
ADD,LLCT120405,25093
REMOVE,PHYS111202,25183
ADD,OOPR230279,25102
ADD,OPSY330280,25065
GETSV,25046
GETSV,25084
GETSV,25186
GETSV,25120
GETSV,25080
ADD,DASA230179,25123
GETHP,ENCS330537
REMOVE,INIT130185,25160
ADD,ARIN330585,25194
GETSV,25120
REMOVE,GELA236939,25123
GETHP,WIPR230579
GETSV,25198
ADD,DBSY240184,25121
ADD,PRBE214262,25027
GETHP,DIPR430685
ADD,MATH132401,25152
ADD,ENPS220591,25059
ADD,ARIN330585,25042
ADD,IQMA220205,25141
REMOVE,GELA236939,25087
REMOVE,PRTE230385,25195
GETHP,MALE431984
ADD,IPPA233277,25152
ADD,PRTE230385,25011
ADD,MATH132501,25125
ADD,CAAL230180,25060
ADD,ECOM430984,25095
ADD,IVNC320905,25022
ADD,MALE431984,25018
REMOVE,IPPA233277,25092
ADD,DBSY240184,25071
REMOVE,ENCS330537,25158
ADD,MATH143001,25025
ADD,INPR140285,25029
ADD,LLCT120205,25132
ADD,DBSY240184,25081
ADD,OOPR230279,25048
GETSV,25006
ADD,ENPS220591,25025
ADD,INOT231780,25147
ADD,WOPS120390,25130
ADD,DASA230179,25157
GETSV,25082
ADD,INMA220305,25013
ADD,OPSY330280,25159
ADD,PHYS130902,25038
ADD,INMA220305,25169
ADD,OPSY330280,25075
ADD,INLO220405,25100
REMOVE,LLCT120405,25199
GETHP,LLCT120205
GETSV,25098
GETHP,INLO220405
ADD,MOPR331279,25151
ADD,DBSY240184,25177
ADD,ENCS330537,25192
ADD,ECOM430984,25043
ADD,NEES330380,25037
ADD,CAAL230180,25062
GETSV,25100
ADD,INOT231780,25111
GETHP,WEPR330479
REMOVE,LLCT220514,25164
GETSV,25082
ADD,LLCT130105,25020
ADD,INIT130185,25014
GETHP,LESK120190
ADD,WEPR330479,25150
GETHP,IVNC320905
ADD,EEEN234162,25161
GETSV,25150
ADD,OPSY330280,25017
ADD,INPR140285,25011
ADD,IPPA233277,25098
GETHP,INLO220405
REMOVE,ECOM430984,25135
ADD,WIPR230579,25054
ADD,EEEN234162,25105
ADD,MATH143001,25075
GETHP,CAAL230180
ADD,WEPR330479,25066
GETSV,25042
GETSV,25050
ADD,DASA230179,25069
ADD,ARIN330585,25052
ADD,INOT231780,25127
ADD,INSO321005,25038
GETHP,MATH132401
ADD,INIT130185,25064
GETSV,25070
ADD,MATH132501,25169
GETHP,SPPR330885
ADD,INSO321005,25046
ADD,DASA230179,25003
GETHP,IPPA233277
GETHP,INLO220405
GETHP,LLCT120205
GETHP,WEPR330479
REMOVE,IVNC320905,25082
ADD,INIT130185,25012
GETSV,25154
GETSV,25128
ADD,NEES330380,25163
ADD,INSE330380,25100
ADD,MATH143001,25161
ADD,DASA230179,25051
GETSV,25008
GETHP,INLO220405
REMOVE,MALE431984,25192
ADD,GELA236939,25027
REMOVE,MATH143001,25193
ADD,LESK120190,25048
REMOVE,DASA230179,25123
ADD,LLCT120405,25157
ADD,INOT231780,25023
ADD,LLCT130105,25016
GETSV,25102
ADD,MATH132901,25056
ADD,MATH143001,25115
GETHP,LLCT220514
ADD,OOPR230279,25176
GETSV,25160
ADD,IPPA233277,25046
ADD,INMA220305,25073
ADD,DASA230179,25115
GETSV,25040
GETHP,SPPR330885
ADD,IVNC320905,25130
ADD,ARIN330585,25020
ADD,DIGR240485,25046
GETSV,25004
ADD,INOT231780,25071
ADD,DBMS330284,25145
GETHP,WEPR330479
GETHP,WOPS120390
ADD,IVNC320905,25150
GETSV,25068
GETSV,25052
REMOVE,LLCT120405,25089
GETHP,LLCT220514
REMOVE,INSO321005,25054
ADD,ENPS220591,25121
GETHP,MATH132901
REMOVE,PHYS130902,25182
GETSV,25112
GETSV,25070
ADD,NEES330380,25121
GETHP,IVNC320905
REMOVE,INIT130185,25142
ADD,LLCT130105,25136
ADD,NEES330380,25035
GETSV,25120
ADD,INPR140285,25043
REMOVE,ARIN330585,25042
GETSV,25160
REMOVE,IQMA220205,25051
ADD,OPSY330280,25197
ADD,PRTE230385,25103
ADD,LESK120190,25142
ADD,PHYS111202,25141
GETSV,25058
ADD,PRTE230385,25071
REMOVE,IPPA233277,25142
GETSV,25188
ADD,WOPS120390,25198
ADD,SOEN330679,25145
REMOVE,LESK120190,25056
ADD,DBSY240184,25195
REMOVE,PRBE214262,25077
REMOVE,LLCT130105,25052
ADD,MOPR331279,25087
REMOVE,DASA230179,25017
GETSV,25198
REMOVE,INMA220305,25001
GETHP,INSO321005
ADD,INOT231780,25165
ADD,LESK120190,25004
GETHP,OOPR230279
ADD,DBMS330284,25121
REMOVE,ESYS431080,25090
REMOVE,MATH132901,25140
ADD,PHYS111202,25023
ADD,INIT130185,25134
ADD,CAAL230180,25144
ADD,GELA236939,25075
GETHP,INIT130185
ADD,INLO220405,25128
ADD,OOPR230279,25050
ADD,MATH132501,25061
GETSV,25090
ADD,INIT130185,25196
ADD,PRTE230385,25107
GETHP,IVNC320905
ADD,LESK120190,25104
ADD,IQMA220205,25107
ADD,IVNC320905,25018
ADD,INSO321005,25044
ADD,DASA230179,25159
ADD,DBSY240184,25113
ADD,WIPR230579,25184
GETSV,25062
ADD,GELA236939,25089
ADD,IPPA233277,25008
ADD,WIPR230579,25138
REMOVE,NEES330380,25061
GETHP,INIT130185
GETHP,SPPR330885
ADD,WOPS120390,25084
ADD,ESYS431080,25118
ADD,PRTE230385,25001
ADD,DBMS330284,25181
ADD,MATH132901,25124
GETSV,25026
ADD,FOIT331380,25005
REMOVE,WEPR330479,25134
ADD,LLCT120405,25081
ADD,WOPS120390,25200
ADD,EEEN234162,25187
GETHP,MALE431984
ADD,PRTE230385,25093
ADD,ARIN330585,25156
ADD,INMA220305,25031
ADD,DASA230179,25193
GETHP,CAAL230180
ADD,WOPS120390,25030
ADD,INLO220405,25136
ADD,LLCT120405,25013
ADD,GEFC220105,25033
REMOVE,GELA236939,25011
REMOVE,LLCT120314,25053
ADD,CAAL230180,25022
ADD,INMA220305,25049
GETHP,WOPS120390
GETHP,INLO220405
REMOVE,GEFC220105,25153
ADD,FOIT331380,25163
ADD,GEFC220105,25133
ADD,INSE330380,25012
REMOVE,PRTE230385,25007
ADD,IVNC320905,25054
ADD,DIGR240485,25136
GETSV,25134
ADD,IQMA220205,25169
ADD,ENPS220591,25075
ADD,MATH132401,25058
ADD,SOEN330679,25157
GETHP,DIPR430685
GETSV,25048
GETSV,25070
GETSV,25044
ADD,IQMA220205,25047
ADD,FOIT331380,25075
GETHP,SPPR330885
REMOVE,CAAL230180,25144
GETHP,LLCT120205
ADD,INIT130185,25192
ADD,MALE431984,25090
GETSV,25196
ADD,MATH132501,25111
GETHP,IPPA233277
ADD,WOPS120390,25108
GETSV,25122
ADD,MATH132901,25092
REMOVE,INLO220405,25072
ADD,LLCT120314,25179
GETSV,25072
GETSV,25126
ADD,EEEN234162,25001
GETHP,CAAL230180
REMOVE,WOPS120390,25094
ADD,IVNC320905,25096
ADD,DBSY240184,25187
REMOVE,ENPS220591,25095
ADD,LLCT220514,25134
ADD,PHYS130902,25104
ADD,INSO321005,25108
REMOVE,SOEN330679,25007
ADD,LESK120190,25158
GETSV,25100
ADD,EEEN234162,25143
REMOVE,ARIN330585,25178
ADD,MATH143001,25063
GETHP,IPPA233277
REMOVE,MATH132901,25004
ADD,DBSY240184,25129
ADD,SOEN330679,25095
ADD,DIGR240485,25182
ADD,INMA220305,25081
ADD,MATH132901,25064
ADD,SOEN330679,25075
ADD,INSO321005,25106
ADD,GELA236939,25157
GETHP,IVNC320905
ADD,WOPS120390,25010
GETSV,25200
GETHP,WEPR330479
GETHP,INSO321005
ADD,IVNC320905,25104
GETSV,25190
ADD,SOEN330679,25097
GETHP,CAAL230180
REMOVE,LESK120190,25158
ADD,INPR140285,25065
GETSV,25190
GETHP,MALE431984
REMOVE,IVNC320905,25022
REMOVE,DBMS330284,25001
GETHP,WOPS120390
ADD,IQMA220205,25187
REMOVE,MATH132901,25028
GETSV,25146
ADD,ENCS330537,25196
ADD,IVNC320905,25110
REMOVE,MATH132901,25152
GETHP,IVNC320905
GETHP,SPPR330885
ADD,DIPR430685,25008
GETHP,LLCT220514
ADD,OOPR230279,25154
ADD,DBSY240184,25047
ADD,WOPS120390,25086
GETHP,CAAL230180
REMOVE,IQMA220205,25169
ADD,CLCO332779,25181
ADD,WOPS120390,25028
ADD,DBMS330284,25135
GETSV,25102
GETHP,LLCT220514
ADD,LLCT120405,25097
ADD,LLCT220514,25178
REMOVE,NEES330380,25093
GETHP,WIPR230579
ADD,ARIN330585,25152
GETSV,25102
REMOVE,ECOM430984,25177
GETHP,SPPR330885
ADD,WIPR230579,25190
ADD,ECOM430984,25041
ADD,DIGR240485,25026
GETSV,25144
ADD,LLCT120314,25133
ADD,IVNC320905,25092
ADD,MATH143001,25183
REMOVE,MALE431984,25062
ADD,PRTE230385,25169
ADD,DIGR240485,25112
REMOVE,PHYS111202,25099
GETSV,25056
ADD,PRTE230385,25067
ADD,OPSY330280,25023
GETSV,25132
REMOVE,DASA230179,25185
REMOVE,IPPA233277,25152
REMOVE,ENPS220591,25059
GETHP,LESK120190
ADD,ENPS220591,25197
ADD,ESYS431080,25060
ADD,LESK120190,25174
ADD,INPR140285,25057
GETHP,WOPS120390
ADD,DIPR430685,25094
ADD,ECOM430984,25113
GETHP,INIT130185
ADD,PRTE230385,25113
REMOVE,INIT130185,25012
GETSV,25066
ADD,MATH132501,25165
GETHP,INSE330380
GETHP,LLCT220514
GETHP,IPPA233277
ADD,GEFC220105,25045
ADD,DIGR240485,25020
GETSV,25074
REMOVE,LLCT120205,25188
ADD,MATH132501,25023
ADD,LLCT220514,25198
REMOVE,MATH143001,25041
GETHP,INSE330380
ADD,LLCT120205,25086
ADD,NEES330380,25001
REMOVE,SPPR330885,25168
ADD,INMA220305,25107
ADD,LESK120190,25194
ADD,WIPR230579,25140
REMOVE,INOT231780,25111
ADD,NEES330380,25091
GETHP,WIPR230579
GETHP,LLCT220514
GETHP,INLO220405
ADD,LLCT120205,25148
ADD,ESYS431080,25104
ADD,INSE330380,25090
ADD,DASA230179,25189
ADD,DBMS330284,25127
ADD,MALE431984,25070
ADD,IQMA220205,25161
GETHP,CAAL230180
ADD,OOPR230279,25046
GETSV,25044
GETHP,INLO220405
ADD,INSE330380,25108
ADD,ECOM430984,25055
ADD,INPR140285,25193
GETHP,ESYS431080
ADD,GELA236939,25001
GETSV,25166
GETSV,25020
ADD,LLCT120405,25065
ADD,ESYS431080,25192
ADD,PRTE230385,25131
REMOVE,DBSY240184,25165
ADD,GEFC220105,25031
ADD,GELA236939,25113
GETSV,25174
ADD,MATH132501,25145
ADD,MALE431984,25072
ADD,DBSY240184,25059
REMOVE,MATH132901,25092
ADD,MOPR331279,25143
ADD,MOPR331279,25001
REMOVE,IPPA233277,25144
GETSV,25134
ADD,NEES330380,25017
GETSV,25006
REMOVE,OOPR230279,25176
GETSV,25142
GETSV,25100
ADD,LLCT120314,25167
REMOVE,INIT130185,25190
REMOVE,INPR140285,25137
ADD,CLCO332779,25061
REMOVE,LLCT220514,25124
ADD,SOEN330679,25167
ADD,ARIN330585,25022
GETHP,LESK120190
ADD,INOT231780,25017
GETHP,LLCT130105
GETHP,ENCS330537
REMOVE,DBMS330284,25063
REMOVE,INMA220305,25073
GETHP,IPPA233277
ADD,WEPR330479,25070
ADD,ENPS220591,25137
ADD,WEPR330479,25096
REMOVE,MATH132501,25195
ADD,MOPR331279,25149
GETHP,IPPA233277
ADD,FOIT331380,25021
GETHP,IVNC320905
GETHP,MATH132901
ADD,WIPR230579,25024
ADD,MATH143001,25011
ADD,SPPR330885,25074
GETSV,25176
ADD,DBMS330284,25051
ADD,INPR140285,25117
ADD,ARIN330585,25164
REMOVE,SPPR330885,25062
GETHP,DIPR430685
GETHP,INLO220405
REMOVE,LLCT130105,25012
GETHP,PHYS130902
GETHP,PHYS130902
ADD,FOIT331380,25093
ADD,CAAL230180,25054
GETSV,25100
GETSV,25114
GETSV,25112
GETSV,25150
ADD,PHYS111202,25137
ADD,OOPR230279,25160
ADD,GELA236939,25179
ADD,IPPA233277,25090
GETSV,25106
ADD,DBSY240184,25141
GETSV,25186
GETSV,25058
ADD,PHYS111202,25021
ADD,IPPA233277,25044
ADD,MOPR331279,25111
REMOVE,LESK120190,25142
REMOVE,DBMS330284,25009
ADD,MATH132401,25032
ADD,ENCS330537,25194
ADD,LLCT120205,25076
REMOVE,PRTE230385,25095
ADD,SPPR330885,25102
REMOVE,ENCS330537,25160
GETSV,25134
ADD,INPR140285,25185
GETHP,CAAL230180
ADD,ENPS220591,25051
ADD,OOPR230279,25042
GETSV,25120
ADD,INPR140285,25091
REMOVE,LLCT220514,25066
REMOVE,DBSY240184,25093
ADD,ECOM430984,25039
ADD,FOIT331380,25185
GETHP,INIT130185
GETHP,ESYS431080
ADD,CLCO332779,25167
ADD,DIGR240485,25190
GETHP,INSE330380
ADD,LLCT120205,25038
ADD,OPSY330280,25081
ADD,OOPR230279,25176
ADD,DIGR240485,25154
REMOVE,ENPS220591,25069
GETHP,WIPR230579
ADD,OOPR230279,25164
ADD,ECOM430984,25111
GETHP,ESYS431080
ADD,WOPS120390,25094
GETSV,25030
ADD,NEES330380,25009
REMOVE,WEPR330479,25032
ADD,ENPS220591,25091
ADD,PRTE230385,25069
ADD,INSE330380,25070
ADD,PHYS111202,25003
GETSV,25082
ADD,OPSY330280,25061
ADD,INIT130185,25060
REMOVE,MOPR331279,25119
GETHP,INIT130185
REMOVE,MATH132901,25124
GETHP,SPPR330885
ADD,DBSY240184,25191
GETSV,25072
GETSV,25008
ADD,CAAL230180,25106
GETSV,25144
ADD,INPR140285,25107
ADD,ENCS330537,25138
GETSV,25200
ADD,PHYS111202,25171
ADD,ENCS330537,25130
ADD,GELA236939,25047
ADD,MATH143001,25027
GETHP,LLCT220514
ADD,IVNC320905,25048
ADD,GELA236939,25115
GETSV,25072
ADD,CLCO332779,25125
GETHP,LLCT120205
REMOVE,DBMS330284,25109
ADD,ESYS431080,25036
ADD,LLCT120314,25071
GETHP,OOPR230279
GETHP,LLCT130105
ADD,PHYS130902,25154
ADD,DBMS330284,25005
ADD,DASA230179,25167
ADD,MATH132401,25008
ADD,SOEN330679,25035
ADD,LESK120190,25074
GETHP,MATH132901
REMOVE,WOPS120390,25042
ADD,PRBE214262,25191
ADD,MATH132501,25029
ADD,IQMA220205,25183
ADD,MOPR331279,25171
ADD,LESK120190,25010
GETHP,OOPR230279
ADD,CLCO332779,25175
ADD,CAAL230180,25150
ADD,INOT231780,25129
ADD,IPPA233277,25192
ADD,MOPR331279,25123
ADD,PHYS111202,25069
ADD,INMA220305,25039
REMOVE,PRBE214262,25137
GETHP,SPPR330885
ADD,INLO220405,25158
GETSV,25166
GETSV,25148
ADD,IQMA220205,25103
ADD,LLCT220514,25038
ADD,MATH132501,25193
ADD,ECOM430984,25083
REMOVE,OOPR230279,25162
REMOVE,INIT130185,25060
GETSV,25138
GETSV,25056
REMOVE,INOT231780,25147
REMOVE,OOPR230279,25194
ADD,LLCT120405,25077
ADD,WEPR330479,25060
ADD,MALE431984,25062
GETSV,25108
ADD,SOEN330679,25031
GETHP,INSO321005
ADD,LLCT130105,25164
GETHP,LLCT120205
ADD,MALE431984,25142
GETHP,WEPR330479
ADD,LLCT120205,25192
REMOVE,INIT130185,25130
ADD,MATH143001,25189
ADD,DIPR430685,25052
ADD,FOIT331380,25159
REMOVE,ESYS431080,25022
ADD,DBSY240184,25105
GETSV,25054
GETSV,25094
GETSV,25076
GETHP,ARIN330585
GETHP,INLO220405
GETHP,SPPR330885
ADD,DIPR430685,25146
GETHP,LLCT220514
ADD,LLCT220514,25068
ADD,CAAL230180,25174
ADD,DBSY240184,25169
GETHP,MATH132901
GETSV,25020
GETSV,25170
GETHP,ARIN330585
ADD,MALE431984,25170
GETSV,25184
REMOVE,LLCT120205,25138
GETSV,25162
ADD,ARIN330585,25016
GETSV,25198
GETSV,25028
ADD,GEFC220105,25079
GETSV,25072
GETSV,25022
GETHP,LLCT220514
GETHP,IPPA233277
ADD,INIT130185,25068
GETSV,25138
GETHP,IVNC320905
ADD,OOPR230279,25018
ADD,EEEN234162,25157
ADD,SOEN330679,25185
ADD,LLCT120205,25152
GETSV,25198
REMOVE,CAAL230180,25136
ADD,LLCT120314,25131
ADD,IVNC320905,25180
GETSV,25130
ADD,ECOM430984,25077
ADD,ENCS330537,25148
GETSV,25098
GETSV,25056
ADD,NEES330380,25075
ADD,INSO321005,25114
GETSV,25176
GETSV,25166
ADD,ECOM430984,25177
ADD,MALE431984,25032
ADD,DASA230179,25195
GETHP,OOPR230279
ADD,LLCT120205,25016
GETHP,IVNC320905
ADD,LLCT220514,25196
REMOVE,LLCT220514,25198
GETSV,25116
GETSV,25194
GETSV,25200
ADD,PHYS111202,25051
GETSV,25200
ADD,WEPR330479,25180
GETSV,25090
GETHP,WEPR330479
REMOVE,ESYS431080,25058
ADD,ENPS220591,25173
GETHP,OOPR230279
ADD,INLO220405,25184
ADD,INPR140285,25139
ADD,DIGR240485,25106
ADD,EEEN234162,25069
ADD,ARIN330585,25124
ADD,MATH132901,25046
GETSV,25004
REMOVE,GEFC220105,25015
ADD,INSO321005,25174
GETSV,25036
REMOVE,CLCO332779,25167
REMOVE,ESYS431080,25182
GETSV,25028
GETSV,25058
ADD,INSO321005,25156
GETHP,DIGR240485
ADD,OOPR230279,25036
GETSV,25098
ADD,ESYS431080,25006
ADD,ENCS330537,25104
GETSV,25096
ADD,OPSY330280,25093
GETSV,25106
ADD,DBSY240184,25021
GETHP,IPPA233277
ADD,ENCS330537,25054
ADD,ECOM430984,25033
ADD,DIPR430685,25192
ADD,INSE330380,25018
GETHP,LESK120190
ADD,INOT231780,25069
REMOVE,ECOM430984,25159
ADD,WEPR330479,25142
ADD,MATH132501,25025
ADD,GEFC220105,25091
REMOVE,IVNC320905,25162
GETSV,25024
ADD,INOT231780,25199
ADD,MATH132901,25110
ADD,DIGR240485,25064
GETSV,25022
ADD,MOPR331279,25185
ADD,LLCT130105,25088
REMOVE,IQMA220205,25003
GETHP,INSO321005
ADD,MALE431984,25100
ADD,GEFC220105,25167
REMOVE,IVNC320905,25046
ADD,PRBE214262,25041
ADD,CLCO332779,25139
ADD,ENCS330537,25154
ADD,DIGR240485,25180
GETSV,25154
REMOVE,INMA220305,25061
ADD,EEEN234162,25135
GETSV,25052
ADD,MATH132501,25055
GETHP,IPPA233277
GETSV,25154
ADD,CLCO332779,25013
REMOVE,MATH132901,25044
REMOVE,LLCT120314,25025
ADD,MATH132501,25035
ADD,OOPR230279,25132
GETSV,25130
GETSV,25138
REMOVE,DIPR430685,25052
ADD,PRTE230385,25199
ADD,ENCS330537,25022
GETSV,25100
REMOVE,ESYS431080,25104
ADD,MATH132501,25107
GETHP,INLO220405
REMOVE,OOPR230279,25164
ADD,MATH143001,25175
GETHP,INIT130185
ADD,MATH132501,25191
GETSV,25092
GETHP,LLCT120205
REMOVE,ESYS431080,25148
ADD,LLCT120405,25031
GETHP,WOPS120390
REMOVE,DBMS330284,25183
ADD,INSE330380,25174
ADD,GELA236939,25153
REMOVE,INPR140285,25115
GETHP,WIPR230579
REMOVE,PHYS111202,25051
ADD,DIGR240485,25066
GETSV,25064
ADD,NEES330380,25051
ADD,LLCT130105,25002
ADD,FOIT331380,25141
ADD,SPPR330885,25188
ADD,NEES330380,25119
ADD,PHYS130902,25176
ADD,INMA220305,25043
ADD,INLO220405,25002
ADD,PRTE230385,25061
ADD,IVNC320905,25136
ADD,IQMA220205,25019
GETHP,MATH132901
GETHP,WEPR330479
ADD,WIPR230579,25010
REMOVE,IVNC320905,25076
GETSV,25130
ADD,ARIN330585,25188
GETSV,25146
ADD,OOPR230279,25020
ADD,LESK120190,25150
REMOVE,LLCT120314,25131
ADD,ECOM430984,25069
GETHP,WEPR330479
GETHP,IVNC320905
ADD,LESK120190,25166
ADD,LLCT130105,25104
ADD,CLCO332779,25091
GETHP,LLCT220514
ADD,ENCS330537,25074
ADD,IPPA233277,25052
ADD,PRTE230385,25015
ADD,ENCS330537,25170
ADD,PRBE214262,25125
ADD,ENPS220591,25063
ADD,CAAL230180,25158
ADD,INMA220305,25089
ADD,PHYS130902,25056
REMOVE,FOIT331380,25163
ADD,DIGR240485,25058
GETSV,25080
GETHP,DIGR240485
ADD,MALE431984,25066
GETSV,25160
ADD,LLCT120205,25026
ADD,ECOM430984,25197
GETHP,WOPS120390
GETSV,25176
ADD,INLO220405,25186
ADD,MATH143001,25197
ADD,CAAL230180,25078
ADD,OPSY330280,25137
ADD,IQMA220205,25091
GETHP,DIPR430685
ADD,CAAL230180,25152
GETSV,25118
REMOVE,PHYS111202,25105
ADD,MATH132901,25176
GETSV,25102
REMOVE,INLO220405,25184
REMOVE,INMA220305,25043
ADD,LLCT120314,25013
ADD,INIT130185,25004
ADD,MATH143001,25015
ADD,PRBE214262,25049
ADD,IVNC320905,25168
ADD,INIT130185,25074
ADD,IQMA220205,25109
GETSV,25100
ADD,PRBE214262,25115
ADD,PRBE214262,25045
ADD,LLCT130105,25180
ADD,CLCO332779,25111
GETSV,25068
ADD,FOIT331380,25199
REMOVE,IQMA220205,25065
GETHP,OOPR230279
GETSV,25044
ADD,IVNC320905,25142
GETSV,25014
ADD,PHYS130902,25184
GETSV,25190
GETHP,PHYS130902
ADD,ARIN330585,25126
ADD,DBMS330284,25193
GETHP,INIT130185
GETSV,25184
GETSV,25158
ADD,GEFC220105,25081
GETHP,MALE431984
ADD,LESK120190,25152
GETSV,25126
ADD,LLCT120314,25097
GETHP,MATH132401
ADD,DBSY240184,25057
REMOVE,LESK120190,25104
ADD,OPSY330280,25171
ADD,INIT130185,25018
ADD,IQMA220205,25125
GETHP,CAAL230180
GETSV,25008
ADD,IPPA233277,25074
REMOVE,NEES330380,25181
ADD,OOPR230279,25164
GETSV,25162
GETHP,LESK120190
ADD,LLCT120205,25066
ADD,DASA230179,25117
REMOVE,INSO321005,25156
GETSV,25162
ADD,PRBE214262,25029
ADD,IVNC320905,25062
GETHP,IVNC320905
ADD,IVNC320905,25070
GETSV,25012
ADD,MATH143001,25111
ADD,MALE431984,25026
ADD,DIGR240485,25060
GETSV,25098
GETSV,25008
ADD,PRTE230385,25171
ADD,PHYS111202,25071
ADD,WIPR230579,25014
ADD,DIPR430685,25056
REMOVE,LLCT220514,25042
GETHP,OOPR230279
REMOVE,SPPR330885,25076
ADD,INMA220305,25191
REMOVE,DASA230179,25193
GETSV,25142
ADD,MALE431984,25152
GETSV,25142
GETSV,25092
ADD,EEEN234162,25145
GETHP,LLCT220514
GETHP,OOPR230279
REMOVE,DIPR430685,25180
ADD,ECOM430984,25007
GETSV,25022
ADD,PRTE230385,25089
GETHP,LLCT220514
ADD,FOIT331380,25145
ADD,SPPR330885,25064
ADD,MATH143001,25131
ADD,SOEN330679,25053
GETHP,LLCT130105
REMOVE,MATH132901,25172
GETSV,25162
ADD,EEEN234162,25109
GETHP,INLO220405
ADD,MATH132501,25119
GETSV,25020
GETHP,LESK120190
ADD,GELA236939,25159
REMOVE,DIGR240485,25038
GETSV,25060
ADD,CLCO332779,25159
ADD,MALE431984,25008
GETSV,25062
GETSV,25004
ADD,LLCT130105,25166
GETSV,25076
GETSV,25162
ADD,MATH132401,25140
ADD,WEPR330479,25182
GETSV,25084
GETSV,25186
GETHP,LLCT120205
GETSV,25160
REMOVE,LLCT120314,25195
GETSV,25186
ADD,PRBE214262,25037
ADD,SPPR330885,25196
REMOVE,MOPR331279,25199
ADD,LLCT220514,25014
GETHP,WIPR230579
GETHP,MALE431984
ADD,IPPA233277,25110
ADD,OPSY330280,25193
REMOVE,WIPR230579,25146
GETSV,25144
GETSV,25142
REMOVE,ARIN330585,25032
GETSV,25134
GETHP,INSO321005
ADD,LESK120190,25016
GETHP,WIPR230579
ADD,INSE330380,25024
GETHP,DIGR240485
ADD,WEPR330479,25144
ADD,CLCO332779,25027
ADD,INMA220305,25045
ADD,FOIT331380,25039
ADD,SPPR330885,25182
REMOVE,PRTE230385,25113
GETSV,25094
REMOVE,GELA236939,25153
ADD,SPPR330885,25056
ADD,DIPR430685,25002
ADD,NEES330380,25175
REMOVE,OPSY330280,25171
GETHP,INLO220405
ADD,WEPR330479,25160
ADD,DBSY240184,25035
ADD,SPPR330885,25178
REMOVE,NEES330380,25119
REMOVE,EEEN234162,25177
REMOVE,PRTE230385,25171
ADD,PHYS111202,25045
GETHP,LESK120190
GETHP,LESK120190
ADD,SPPR330885,25040
GETHP,LESK120190
ADD,WIPR230579,25104
GETHP,INSO321005
GETHP,INSO321005
REMOVE,LLCT120205,25118
GETHP,MALE431984
ADD,INOT231780,25089
ADD,LLCT120205,25084
ADD,OOPR230279,25038
REMOVE,MATH143001,25171
REMOVE,INLO220405,25066
REMOVE,OOPR230279,25092
ADD,ENPS220591,25199
ADD,DIPR430685,25062
ADD,INMA220305,25129
GETHP,ENCS330537
REMOVE,INSO321005,25174
ADD,PHYS111202,25113
ADD,IVNC320905,25064
ADD,INPR140285,25155
ADD,WOPS120390,25194
ADD,NEES330380,25061
GETSV,25170
GETSV,25168
ADD,PRTE230385,25099
REMOVE,PRTE230385,25061
ADD,CLCO332779,25095
ADD,LLCT220514,25078
GETSV,25102
REMOVE,OOPR230279,25112
ADD,LLCT120314,25091
ADD,INLO220405,25010
ADD,SOEN330679,25061
ADD,LLCT220514,25020
ADD,LLCT120405,25175
GETHP,WOPS120390
ADD,MOPR331279,25113
ADD,INIT130185,25008
ADD,INPR140285,25035
GETHP,SPPR330885
GETSV,25062
ADD,SOEN330679,25105
REMOVE,INSO321005,25136
ADD,MATH143001,25139
ADD,MOPR331279,25141
ADD,INSE330380,25060
ADD,PHYS111202,25031
ADD,INLO220405,25118
REMOVE,INLO220405,25032
ADD,IQMA220205,25067
ADD,INMA220305,25173
REMOVE,INSE330380,25100
GETHP,DIPR430685
REMOVE,DIPR430685,25156
REMOVE,LLCT120314,25167
ADD,OOPR230279,25150
ADD,DASA230179,25089
GETSV,25006
GETHP,WEPR330479
ADD,INLO220405,25040
ADD,ECOM430984,25155
GETHP,CAAL230180
ADD,DBSY240184,25135
ADD,WEPR330479,25166
ADD,CAAL230180,25040
ADD,GELA236939,25123
ADD,WEPR330479,25170
REMOVE,CLCO332779,25125
ADD,EEEN234162,25185
ADD,ECOM430984,25163
GETHP,LLCT220514
ADD,WOPS120390,25184
REMOVE,ECOM430984,25147
ADD,LLCT130105,25026
ADD,NEES330380,25167
GETHP,INIT130185
ADD,MALE431984,25068
GETSV,25034
ADD,ENCS330537,25150
ADD,ARIN330585,25064
GETSV,25070
GETSV,25044
ADD,LLCT130105,25078
ADD,DASA230179,25169
ADD,ENPS220591,25015
GETHP,INSE330380
ADD,WIPR230579,25020
REMOVE,LLCT120205,25030
ADD,ENPS220591,25057
GETHP,INSO321005
GETHP,WEPR330479
ADD,OOPR230279,25182
ADD,SOEN330679,25121
GETHP,DIPR430685
ADD,DIPR430685,25142
ADD,MATH132501,25049
ADD,SOEN330679,25139
ADD,GELA236939,25103
ADD,LLCT120205,25118
ADD,MOPR331279,25161
ADD,ARIN330585,25008
ADD,GELA236939,25083
GETSV,25144
ADD,PRBE214262,25035
GETHP,WEPR330479
ADD,OOPR230279,25136
REMOVE,MOPR331279,25195
ADD,NEES330380,25141
ADD,WEPR330479,25036
GETSV,25098
GETSV,25176
GETHP,IVNC320905
ADD,WEPR330479,25032
ADD,MATH132501,25115
ADD,IPPA233277,25010
ADD,DASA230179,25055
GETHP,SPPR330885
ADD,DIPR430685,25180
ADD,SOEN330679,25039
ADD,LLCT220514,25110
GETSV,25074
ADD,DBSY240184,25189
ADD,MATH132401,25020
ADD,FOIT331380,25007
ADD,WOPS120390,25054
ADD,IVNC320905,25040
REMOVE,MATH132501,25115
ADD,INSE330380,25138
ADD,PHYS111202,25117
GETHP,DIPR430685
REMOVE,WOPS120390,25188
ADD,GELA236939,25031
GETSV,25148
REMOVE,MATH132501,25111
GETSV,25196
REMOVE,EEEN234162,25001
REMOVE,INLO220405,25200
GETSV,25022
ADD,DBSY240184,25011
ADD,ECOM430984,25005
GETHP,INSO321005
GETHP,SPPR330885
GETHP,INLO220405
ADD,IQMA220205,25163
GETHP,WOPS120390
GETSV,25102
GETHP,INSE330380
ADD,CAAL230180,25102
ADD,SOEN330679,25027
REMOVE,WOPS120390,25154
GETSV,25056
ADD,OPSY330280,25059
ADD,LLCT220514,25082
ADD,INOT231780,25167
REMOVE,LLCT120205,25174
ADD,INPR140285,25049
GETSV,25078
GETHP,WOPS120390
ADD,ESYS431080,25182
ADD,SPPR330885,25112
ADD,GELA236939,25187
ADD,LLCT220514,25138
GETHP,MALE431984
ADD,INSO321005,25026
ADD,CAAL230180,25020
ADD,PHYS111202,25143
ADD,WOPS120390,25126
GETSV,25084
GETSV,25106
GETSV,25192
ADD,LLCT120405,25059
ADD,LLCT120405,25117
ADD,MATH132401,25052
ADD,WOPS120390,25102
ADD,GEFC220105,25057
GETHP,LESK120190
REMOVE,MALE431984,25014
GETSV,25150
GETHP,ENCS330537
ADD,DIGR240485,25192
REMOVE,PHYS111202,25125
GETSV,25090
ADD,INSO321005,25012
ADD,CLCO332779,25023
REMOVE,MATH132901,25040
ADD,SOEN330679,25083
GETSV,25192
REMOVE,LLCT120205,25034
GETHP,PHYS130902
ADD,INLO220405,25008
ADD,DBMS330284,25123
ADD,WOPS120390,25170
ADD,DBSY240184,25077
GETHP,PHYS130902
ADD,PHYS111202,25085
REMOVE,MATH132901,25046
REMOVE,MATH132501,25025
GETHP,ESYS431080
GETHP,MATH132901
ADD,INLO220405,25068
REMOVE,ECOM430984,25111
GETHP,ENCS330537
ADD,INLO220405,25132
GETHP,LLCT220514
GETSV,25098
REMOVE,IQMA220205,25125
ADD,DIPR430685,25188
ADD,LLCT130105,25062
ADD,IVNC320905,25144
REMOVE,MATH132401,25058
GETSV,25072
GETSV,25176
GETSV,25142
ADD,INLO220405,25176
ADD,WIPR230579,25106
ADD,MOPR331279,25045
REMOVE,ARIN330585,25124
ADD,EEEN234162,25111
REMOVE,DIPR430685,25086
REMOVE,PHYS111202,25049
REMOVE,INLO220405,25008
REMOVE,ESYS431080,25066
GETHP,MALE431984
GETHP,CAAL230180
GETHP,LLCT120205
ADD,PRBE214262,25081
ADD,OOPR230279,25120
ADD,EEEN234162,25117
ADD,INLO220405,25028
ADD,MOPR331279,25191
GETHP,LLCT120205
ADD,INSE330380,25036
REMOVE,IVNC320905,25110
GETSV,25132
GETSV,25050
ADD,INOT231780,25021
ADD,WOPS120390,25116
REMOVE,PHYS111202,25143
ADD,ARIN330585,25138
ADD,OPSY330280,25117
ADD,ARIN330585,25044
ADD,NEES330380,25079
ADD,DIPR430685,25090
ADD,GEFC220105,25189
GETHP,PHYS130902
GETHP,WEPR330479
GETHP,IVNC320905
REMOVE,INIT130185,25024
GETHP,LLCT120205
ADD,PHYS130902,25032
GETSV,25126
REMOVE,INOT231780,25017
ADD,OOPR230279,25040
ADD,CLCO332779,25075
GETHP,WEPR330479
ADD,SOEN330679,25163
GETHP,PHYS130902
GETSV,25022
ADD,IPPA233277,25184
ADD,DASA230179,25075
ADD,DIPR430685,25018
GETSV,25032
ADD,DBMS330284,25199
ADD,IVNC320905,25126
REMOVE,WEPR330479,25144
ADD,DIPR430685,25106
ADD,PRTE230385,25119
ADD,LLCT130105,25006
GETHP,IVNC320905
ADD,INPR140285,25105
REMOVE,OOPR230279,25120
GETHP,MATH132901
REMOVE,ESYS431080,25096
ADD,EEEN234162,25011
ADD,IVNC320905,25146
REMOVE,MATH143001,25061
GETSV,25114
GETHP,DIPR430685
ADD,ENCS330537,25180
GETSV,25090
GETHP,IPPA233277
ADD,ARIN330585,25186
GETHP,WEPR330479
ADD,PRBE214262,25021
ADD,PRTE230385,25047
ADD,DBSY240184,25137
REMOVE,DIGR240485,25136
ADD,DBMS330284,25075
REMOVE,DBSY240184,25029
ADD,INOT231780,25151
ADD,INSO321005,25022
ADD,ENCS330537,25048
ADD,DBMS330284,25171
GETSV,25200
GETHP,INIT130185
ADD,OOPR230279,25074
REMOVE,EEEN234162,25111
ADD,OOPR230279,25168
GETSV,25054
GETSV,25068
GETHP,OOPR230279
ADD,MALE431984,25196
ADD,DIPR430685,25150
ADD,PHYS111202,25193
ADD,LLCT130105,25024
GETSV,25110
GETHP,MALE431984
GETHP,WOPS120390
GETHP,DIGR240485
GETSV,25180
GETSV,25066
REMOVE,PRBE214262,25029
ADD,LLCT120205,25044
ADD,INPR140285,25127
GETHP,MALE431984
ADD,INSE330380,25084
GETSV,25122
ADD,PRBE214262,25053
GETSV,25082
ADD,INSO321005,25040
GETHP,OOPR230279
ADD,DIGR240485,25104
GETHP,SPPR330885
ADD,ESYS431080,25170
ADD,LLCT130105,25124
REMOVE,CLCO332779,25023
REMOVE,ENCS330537,25126
GETSV,25060
GETHP,ARIN330585
ADD,MATH132501,25129
ADD,ECOM430984,25051
ADD,WOPS120390,25186
ADD,FOIT331380,25175
ADD,WOPS120390,25158
GETSV,25076
ADD,MALE431984,25198
ADD,INPR140285,25169
GETHP,INLO220405
ADD,INSE330380,25054
ADD,MATH132501,25013
ADD,PHYS130902,25094
REMOVE,LESK120190,25040
GETHP,DIPR430685
ADD,OOPR230279,25128
GETSV,25070
GETSV,25196
REMOVE,PRTE230385,25015
ADD,WEPR330479,25134
GETHP,LLCT130105
ADD,MATH132901,25150
ADD,IQMA220205,25065
REMOVE,IVNC320905,25104
GETSV,25078
GETSV,25004
ADD,ENCS330537,25118
REMOVE,PRTE230385,25169
ADD,ESYS431080,25088
ADD,WEPR330479,25138
ADD,SOEN330679,25125
ADD,MATH143001,25127
ADD,INLO220405,25144
ADD,CLCO332779,25015
ADD,ENCS330537,25174
ADD,IPPA233277,25096
REMOVE,DBSY240184,25195
REMOVE,LLCT120314,25181
GETHP,LESK120190
REMOVE,IVNC320905,25138
ADD,PRBE214262,25055
GETHP,ESYS431080
REMOVE,PHYS111202,25023
REMOVE,OOPR230279,25174
REMOVE,PHYS130902,25184
ADD,DASA230179,25083
ADD,DIPR430685,25116
REMOVE,IQMA220205,25199
ADD,MATH132901,25078
GETSV,25102
GETHP,SPPR330885
ADD,INSO321005,25070
GETHP,LLCT120205
GETSV,25188
REMOVE,PRBE214262,25055
REMOVE,MATH132401,25070
ADD,LESK120190,25064
ADD,LLCT120405,25053
ADD,CLCO332779,25081
GETHP,WEPR330479
REMOVE,MATH143001,25025
REMOVE,OOPR230279,25024
ADD,ARIN330585,25082
ADD,LLCT120314,25159
ADD,MATH132901,25054
ADD,GELA236939,25081
GETHP,LLCT220514
GETHP,WOPS120390
REMOVE,CAAL230180,25132
GETSV,25058
GETSV,25120
GETSV,25062
REMOVE,EEEN234162,25057
REMOVE,INLO220405,25176
GETHP,ENCS330537
GETHP,INLO220405
ADD,INIT130185,25006
GETSV,25050
ADD,GELA236939,25117
ADD,LLCT120205,25092
ADD,FOIT331380,25073
REMOVE,ARIN330585,25152
REMOVE,INSE330380,25194
GETSV,25184
ADD,PRTE230385,25187
REMOVE,ECOM430984,25007
GETSV,25164
ADD,DBMS330284,25167
GETHP,LLCT120205
ADD,EEEN234162,25193
ADD,SPPR330885,25152
ADD,NEES330380,25103
GETHP,OOPR230279
ADD,DIGR240485,25124
REMOVE,OPSY330280,25047
ADD,LLCT130105,25142
ADD,DIPR430685,25120
GETSV,25006
ADD,DBMS330284,25025
ADD,ARIN330585,25104
ADD,WOPS120390,25066
GETHP,PHYS130902
ADD,IVNC320905,25082
GETSV,25200
ADD,PHYS111202,25123
GETHP,INIT130185
ADD,SOEN330679,25195
REMOVE,ENCS330537,25162
ADD,INSO321005,25116
GETSV,25090
GETSV,25082
GETSV,25096
ADD,NEES330380,25099
GETHP,LLCT130105
ADD,ENCS330537,25120
ADD,PRBE214262,25019
GETHP,DIGR240485
GETSV,25110
GETSV,25148
GETHP,IVNC320905
GETHP,WEPR330479
GETHP,CAAL230180
GETSV,25008
REMOVE,EEEN234162,25033
REMOVE,INSE330380,25176
ADD,OOPR230279,25066
ADD,DBSY240184,25029
ADD,ESYS431080,25076
ADD,INSO321005,25134
ADD,IPPA233277,25104
GETHP,DIGR240485
REMOVE,DIPR430685,25064
ADD,DBMS330284,25067
REMOVE,CAAL230180,25068
ADD,MATH143001,25031
GETSV,25172
GETHP,WIPR230579
REMOVE,WOPS120390,25028
REMOVE,MOPR331279,25111
GETHP,MATH132401
GETSV,25044
ADD,INPR140285,25199
GETHP,WIPR230579
GETHP,OOPR230279
GETHP,LLCT220514
GETHP,LESK120190
ADD,MATH132401,25064
GETSV,25166
ADD,PHYS130902,25138
ADD,ARIN330585,25172
GETHP,INLO220405
ADD,SPPR330885,25068
GETSV,25034
ADD,EEEN234162,25093
GETHP,INIT130185
ADD,LESK120190,25154
GETSV,25088
ADD,DIPR430685,25162
GETSV,25072
REMOVE,LLCT120205,25066
GETSV,25200
ADD,EEEN234162,25051
GETSV,25008
ADD,INPR140285,25179
GETHP,IVNC320905
REMOVE,LLCT130105,25146
ADD,DBSY240184,25165
ADD,DIPR430685,25044
GETSV,25042
REMOVE,EEEN234162,25077
GETHP,SPPR330885
ADD,LLCT130105,25076
ADD,FOIT331380,25143
REMOVE,WIPR230579,25014
ADD,EEEN234162,25039
ADD,OOPR230279,25058
GETSV,25056
REMOVE,GEFC220105,25147
ADD,OPSY330280,25053
GETSV,25146
ADD,LLCT120205,25116
REMOVE,CAAL230180,25150
ADD,DBMS330284,25077
ADD,LLCT120205,25140
GETSV,25042
ADD,PHYS111202,25077
REMOVE,SOEN330679,25001
ADD,LLCT130105,25168
ADD,ECOM430984,25061
GETSV,25100
ADD,SPPR330885,25014
ADD,PHYS111202,25089
ADD,PRBE214262,25043
REMOVE,DIGR240485,25106
ADD,INPR140285,25013
GETHP,MATH132901
ADD,LLCT120314,25149
REMOVE,INIT130185,25092
ADD,MATH132401,25112
ADD,MOPR331279,25051
REMOVE,DASA230179,25101
REMOVE,ESYS431080,25012
ADD,MATH143001,25169
GETSV,25070
ADD,MATH132501,25017
GETHP,ARIN330585
ADD,MATH132901,25192
REMOVE,INMA220305,25195
GETSV,25152
GETSV,25174
ADD,DBMS330284,25033
REMOVE,ARIN330585,25176
ADD,ECOM430984,25021
ADD,ENCS330537,25020
ADD,NEES330380,25095
GETHP,SPPR330885
ADD,IVNC320905,25132
GETHP,DIPR430685
ADD,PRTE230385,25023
ADD,ECOM430984,25185
GETHP,INSE330380
ADD,MALE431984,25174
GETSV,25148
ADD,LESK120190,25070
GETSV,25178
ADD,MATH132901,25060
GETSV,25082
ADD,MATH143001,25005
ADD,MATH132501,25127
ADD,WEPR330479,25014
GETSV,25044
GETSV,25066
GETSV,25112
ADD,LLCT220514,25186
REMOVE,GELA236939,25103
ADD,MATH132901,25198
REMOVE,FOIT331380,25145
GETHP,LLCT220514
GETSV,25188
REMOVE,INIT130185,25134
GETHP,CAAL230180
GETSV,25110
REMOVE,INPR140285,25139
GETHP,LLCT130105
REMOVE,ENCS330537,25200
ADD,INPR140285,25115
ADD,FOIT331380,25197
GETHP,DIPR430685
REMOVE,LLCT130105,25066
ADD,OPSY330280,25143
GETHP,CAAL230180
ADD,LESK120190,25020
ADD,CLCO332779,25031
GETHP,SPPR330885
ADD,INSE330380,25006
GETSV,25126
GETSV,25052
GETSV,25082
GETSV,25096
ADD,MOPR331279,25189
GETHP,CAAL230180
GETSV,25112
GETHP,SPPR330885
REMOVE,LLCT120405,25027
GETHP,LLCT120205
ADD,MATH132401,25176
GETSV,25094
ADD,INSO321005,25042
ADD,FOIT331380,25109
REMOVE,MATH132901,25110
GETSV,25164
ADD,MALE431984,25046
ADD,IQMA220205,25041
GETHP,ESYS431080
ADD,IPPA233277,25086
GETHP,INSO321005
ADD,LLCT120205,25096
GETHP,DIPR430685
REMOVE,DIGR240485,25098
REMOVE,EEEN234162,25053
ADD,MATH132901,25044
ADD,INOT231780,25047
REMOVE,ENPS220591,25153
GETHP,LESK120190
REMOVE,IPPA233277,25030
REMOVE,ENPS220591,25075
REMOVE,LESK120190,25154
ADD,EEEN234162,25013
ADD,MALE431984,25164
GETHP,INIT130185
ADD,WEPR330479,25116
ADD,EEEN234162,25183
GETSV,25028
REMOVE,INOT231780,25199
ADD,MATH132501,25113
ADD,ESYS431080,25008
GETSV,25046
ADD,ECOM430984,25019
ADD,WEPR330479,25082
GETSV,25144
ADD,INOT231780,25061
GETSV,25106
REMOVE,INPR140285,25197
REMOVE,ARIN330585,25068
GETSV,25034
ADD,NEES330380,25093
GETHP,INSO321005
ADD,ARIN330585,25002
ADD,FOIT331380,25101
ADD,WIPR230579,25092
ADD,INSO321005,25150
GETHP,DIGR240485
ADD,INSE330380,25134
REMOVE,ENCS330537,25104
REMOVE,OPSY330280,25011
REMOVE,WOPS120390,25194
ADD,PHYS111202,25039
REMOVE,IVNC320905,25062
ADD,OPSY330280,25057
GETHP,IVNC320905
ADD,PHYS130902,25072
GETHP,MATH132401
ADD,CLCO332779,25115
REMOVE,WOPS120390,25130
ADD,NEES330380,25085
REMOVE,MATH143001,25127
ADD,DBMS330284,25001
ADD,LLCT220514,25184
ADD,DBMS330284,25003
REMOVE,WOPS120390,25186
GETHP,LLCT120205
REMOVE,ESYS431080,25154
GETSV,25024
ADD,INMA220305,25035
ADD,INIT130185,25042
ADD,WEPR330479,25196
ADD,LLCT220514,25150
REMOVE,MATH132901,25016
GETSV,25174
ADD,WEPR330479,25192
REMOVE,INLO220405,25068
ADD,MOPR331279,25073
GETHP,WEPR330479
ADD,INSE330380,25198
GETHP,CAAL230180
ADD,ENCS330537,25038
GETSV,25124
ADD,NEES330380,25055
GETHP,WEPR330479
GETHP,LLCT120205
GETSV,25200
ADD,LLCT120205,25042
GETSV,25200
ADD,DASA230179,25029
ADD,DASA230179,25111
ADD,DIPR430685,25110
ADD,LLCT120405,25153
ADD,ESYS431080,25016
ADD,ENPS220591,25027
ADD,DIGR240485,25106
ADD,IVNC320905,25020
GETHP,LLCT130105
ADD,IPPA233277,25092
ADD,INLO220405,25038
GETSV,25124
GETSV,25058
REMOVE,LLCT120205,25116
ADD,GEFC220105,25063
GETHP,OOPR230279
ADD,LLCT130105,25150
GETSV,25182
GETSV,25140
ADD,LLCT120314,25047
ADD,DASA230179,25097
REMOVE,SPPR330885,25040
ADD,ESYS431080,25066
ADD,DIGR240485,25140
ADD,MATH132401,25126
GETSV,25100
REMOVE,INIT130185,25048
ADD,INLO220405,25162
GETHP,MATH132901
ADD,INPR140285,25173
GETHP,OOPR230279
ADD,LLCT130105,25100
ADD,SOEN330679,25135
GETHP,SPPR330885
GETSV,25042
GETHP,WIPR230579
ADD,LLCT120205,25074
ADD,OOPR230279,25060
GETSV,25194
GETSV,25128
REMOVE,WOPS120390,25082
ADD,MATH132901,25084
GETSV,25124
GETHP,INLO220405
GETHP,LESK120190
GETSV,25096
ADD,CAAL230180,25034
REMOVE,SOEN330679,25015
ADD,INSE330380,25126
ADD,MATH143001,25137
ADD,DBSY240184,25179
ADD,DIPR430685,25178
ADD,SPPR330885,25046
GETSV,25132
GETSV,25050
GETSV,25184
GETSV,25086
REMOVE,ENPS220591,25057
REMOVE,SPPR330885,25160
ADD,DIPR430685,25010
ADD,PRTE230385,25117
GETSV,25108
REMOVE,ENCS330537,25174
REMOVE,ARIN330585,25104
ADD,MOPR331279,25107
GETHP,DIPR430685
REMOVE,WIPR230579,25080
ADD,INOT231780,25139
ADD,INMA220305,25141
ADD,ENCS330537,25028
REMOVE,PHYS130902,25070
REMOVE,INIT130185,25192
REMOVE,ECOM430984,25187
REMOVE,PHYS130902,25154
ADD,MATH143001,25157
GETSV,25162
GETSV,25048
ADD,OPSY330280,25171
ADD,ESYS431080,25180
ADD,PRBE214262,25151
ADD,LLCT130105,25030
ADD,ESYS431080,25040
GETSV,25072
REMOVE,FOIT331380,25083
ADD,SPPR330885,25066
ADD,IVNC320905,25084
GETHP,DIPR430685
GETSV,25018
ADD,DBSY240184,25173
ADD,INIT130185,25092
ADD,IQMA220205,25015
ADD,MALE431984,25190
REMOVE,GEFC220105,25123
ADD,LLCT130105,25178
GETHP,ESYS431080
REMOVE,LLCT120205,25038
ADD,CAAL230180,25048
GETSV,25142
GETHP,LLCT120205
ADD,LLCT120314,25137
ADD,WEPR330479,25168
ADD,SOEN330679,25187
REMOVE,ENPS220591,25197
ADD,INSE330380,25020
ADD,NEES330380,25087
ADD,LLCT120205,25094
ADD,WOPS120390,25186
ADD,PRBE214262,25111
REMOVE,LLCT130105,25070
ADD,SOEN330679,25073
REMOVE,OOPR230279,25176
GETHP,INSE330380
GETSV,25024
GETHP,INLO220405
GETSV,25192
ADD,OPSY330280,25099
GETSV,25090
GETSV,25098
GETSV,25200
ADD,IPPA233277,25002
ADD,LLCT220514,25108
ADD,EEEN234162,25159
REMOVE,INLO220405,25174
GETHP,MATH132401
ADD,INLO220405,25014
ADD,GEFC220105,25097
ADD,WIPR230579,25080
GETSV,25086
GETSV,25036
ADD,INOT231780,25079
ADD,ESYS431080,25078
ADD,ENPS220591,25139
REMOVE,LLCT130105,25154
GETHP,SPPR330885
GETSV,25012
GETSV,25114
REMOVE,INIT130185,25180
REMOVE,FOIT331380,25001
ADD,WEPR330479,25200
ADD,SOEN330679,25133
GETHP,IVNC320905
GETHP,WIPR230579
ADD,MATH132501,25019
ADD,WIPR230579,25066
ADD,ENPS220591,25109
GETHP,MATH132401
REMOVE,CAAL230180,25028
REMOVE,IQMA220205,25175
ADD,PHYS130902,25014
ADD,EEEN234162,25113
ADD,DASA230179,25147
REMOVE,OPSY330280,25149
ADD,DASA230179,25103
REMOVE,PRBE214262,25195
GETSV,25096
GETSV,25062
ADD,MATH132401,25144
REMOVE,DASA230179,25179
ADD,WIPR230579,25082
REMOVE,INSE330380,25148
ADD,MOPR331279,25033
ADD,PHYS130902,25080
ADD,WEPR330479,25132
REMOVE,INOT231780,25055
ADD,MATH132401,25070
GETSV,25156
GETHP,INSE330380
ADD,PRTE230385,25035
ADD,CLCO332779,25189
REMOVE,LESK120190,25020
ADD,ENPS220591,25143
GETHP,INSE330380
GETHP,WEPR330479
GETSV,25064
GETSV,25006
ADD,INSO321005,25144
REMOVE,NEES330380,25051
ADD,MATH132901,25106
ADD,DIGR240485,25156
ADD,MOPR331279,25175
GETHP,ARIN330585
GETHP,LESK120190
REMOVE,DBMS330284,25023
GETHP,LLCT220514
ADD,SPPR330885,25070
GETHP,ARIN330585
REMOVE,INSO321005,25134
ADD,SPPR330885,25032
GETHP,INSE330380
GETHP,IPPA233277
REMOVE,OOPR230279,25198
ADD,ENCS330537,25040
REMOVE,SOEN330679,25101
ADD,IVNC320905,25164
GETSV,25130
REMOVE,INIT130185,25196
ADD,MALE431984,25038
REMOVE,IQMA220205,25041
REMOVE,ENCS330537,25048
ADD,MATH132401,25042
GETHP,WOPS120390
GETHP,WEPR330479
ADD,INSO321005,25128
ADD,ECOM430984,25115
ADD,SPPR330885,25170
ADD,GEFC220105,25141
GETHP,ARIN330585
ADD,GEFC220105,25007
GETHP,INIT130185
ADD,ENCS330537,25062
ADD,PRBE214262,25133
GETHP,ESYS431080
ADD,WEPR330479,25046
GETSV,25084
ADD,LLCT120314,25111
ADD,INPR140285,25153
GETHP,SPPR330885
REMOVE,LLCT220514,25038
GETSV,25038
REMOVE,MATH143001,25161
ADD,GELA236939,25043
GETHP,MALE431984
ADD,INSE330380,25040
ADD,ARIN330585,25042
ADD,ENPS220591,25061
REMOVE,MATH143001,25111
GETHP,SPPR330885
ADD,LLCT220514,25112
ADD,DIGR240485,25122
REMOVE,SPPR330885,25084
GETSV,25042
REMOVE,DBMS330284,25001
ADD,LESK120190,25072
REMOVE,PRBE214262,25011
GETSV,25128
REMOVE,IQMA220205,25043
ADD,INSO321005,25138
ADD,DBMS330284,25173
ADD,LESK120190,25028
GETSV,25130
GETHP,LLCT130105
ADD,INLO220405,25124
REMOVE,MATH143001,25063
ADD,SOEN330679,25043
GETSV,25152
ADD,ENPS220591,25147
ADD,INSE330380,25066
ADD,EEEN234162,25167
ADD,IPPA233277,25142
GETSV,25044
ADD,INSE330380,25062
ADD,IQMA220205,25197
ADD,MATH132901,25116
GETSV,25106
REMOVE,EEEN234162,25165
GETHP,IPPA233277
ADD,DIPR430685,25034
REMOVE,NEES330380,25191
REMOVE,ENCS330537,25114
GETHP,MATH132901
REMOVE,ESYS431080,25076
ADD,PHYS111202,25119
REMOVE,DBSY240184,25009
ADD,CAAL230180,25176
REMOVE,IQMA220205,25187
GETHP,MALE431984
GETHP,WIPR230579
GETSV,25140
ADD,GEFC220105,25087
ADD,MATH143001,25097
REMOVE,ESYS431080,25008
GETSV,25038
GETSV,25036
GETHP,IPPA233277
GETHP,MALE431984
ADD,MALE431984,25050
GETSV,25098
REMOVE,DBMS330284,25127
REMOVE,ENCS330537,25062
REMOVE,ENPS220591,25179
GETSV,25112
ADD,ECOM430984,25175
ADD,INSE330380,25118
GETSV,25092
REMOVE,INLO220405,25136
ADD,LLCT120205,25010
ADD,IQMA220205,25125
GETHP,MATH132901
GETHP,PHYS130902
GETHP,IVNC320905
ADD,WEPR330479,25114
ADD,OOPR230279,25180
ADD,DASA230179,25079
GETSV,25070
GETSV,25148
REMOVE,PRTE230385,25071
ADD,EEEN234162,25001
ADD,DIGR240485,25136
ADD,LLCT220514,25154
ADD,MATH143001,25013
ADD,PHYS130902,25108
ADD,SOEN330679,25047
ADD,SOEN330679,25161
REMOVE,LESK120190,25048
ADD,INSE330380,25074
REMOVE,MATH132401,25140
ADD,DASA230179,25065
ADD,PHYS130902,25088
GETHP,WIPR230579
ADD,INSO321005,25032
GETSV,25070
GETHP,LLCT220514
ADD,INSE330380,25168
REMOVE,DIPR430685,25002
GETSV,25040
ADD,INMA220305,25067
REMOVE,OPSY330280,25197
GETHP,WEPR330479
ADD,ESYS431080,25074
ADD,INSE330380,25166
GETHP,IVNC320905
REMOVE,MALE431984,25090
ADD,INPR140285,25197
ADD,LLCT220514,25084
GETSV,25170
ADD,CLCO332779,25055
ADD,IVNC320905,25174
ADD,INLO220405,25024
GETSV,25158
REMOVE,WOPS120390,25186
ADD,LLCT120314,25021
GETHP,MALE431984
ADD,ARIN330585,25010
ADD,SOEN330679,25085
GETHP,PHYS130902
REMOVE,LLCT220514,25138
ADD,PHYS111202,25197
GETHP,MATH132401
ADD,IQMA220205,25157
ADD,PRTE230385,25191
ADD,WOPS120390,25182
GETHP,WEPR330479
ADD,ENPS220591,25113
ADD,SPPR330885,25120
ADD,IQMA220205,25027
ADD,PHYS130902,25042
GETSV,25024
ADD,GELA236939,25011
ADD,MATH132401,25090
ADD,DBMS330284,25141
GETSV,25074
REMOVE,CLCO332779,25047
ADD,SPPR330885,25158
GETSV,25028
ADD,INLO220405,25142
GETHP,WOPS120390
ADD,DBMS330284,25017
ADD,IQMA220205,25155
ADD,INPR140285,25125
REMOVE,MALE431984,25108
ADD,PHYS111202,25079
GETHP,ESYS431080
GETHP,OOPR230279
ADD,INSE330380,25160
ADD,PHYS111202,25195
GETHP,CAAL230180
GETHP,OOPR230279
ADD,PHYS111202,25049
ADD,SPPR330885,25040
REMOVE,INSE330380,25122
ADD,WEPR330479,25156
GETSV,25034
GETSV,25112
ADD,LLCT120405,25083
ADD,PRBE214262,25015
GETHP,LESK120190
REMOVE,PRTE230385,25103
GETHP,LLCT130105
ADD,PHYS130902,25116
ADD,LLCT120405,25079
ADD,DIGR240485,25048
REMOVE,DASA230179,25195
REMOVE,PRTE230385,25117
ADD,LLCT120405,25001
ADD,INMA220305,25131
REMOVE,INSE330380,25066
GETHP,DIGR240485
ADD,NEES330380,25005
GETHP,LLCT130105
ADD,IPPA233277,25162
ADD,EEEN234162,25029
ADD,WIPR230579,25124
GETSV,25098
GETHP,OOPR230279
ADD,IPPA233277,25050
GETHP,LESK120190
REMOVE,LLCT130105,25004
ADD,LLCT120405,25159
ADD,FOIT331380,25089
ADD,LLCT120205,25056
ADD,EEEN234162,25139
ADD,CAAL230180,25042
ADD,LESK120190,25160
REMOVE,ENPS220591,25027
REMOVE,SOEN330679,25117
GETSV,25170
ADD,OOPR230279,25084
GETSV,25164
GETSV,25074
ADD,INOT231780,25125
GETSV,25066
ADD,FOIT331380,25133
ADD,INSE330380,25148
ADD,DBMS330284,25103
ADD,DASA230179,25177
ADD,GEFC220105,25155
ADD,PRTE230385,25053
ADD,LLCT130105,25036
GETSV,25116
ADD,FOIT331380,25055
REMOVE,SPPR330885,25190
ADD,PHYS111202,25105
ADD,ESYS431080,25008
GETHP,INSE330380
REMOVE,MATH132901,25064
GETHP,CAAL230180
ADD,FOIT331380,25085
GETHP,WOPS120390
REMOVE,IPPA233277,25002
GETHP,LLCT130105
ADD,ENCS330537,25050
GETHP,MATH132901
GETHP,LLCT130105
ADD,INSE330380,25056
REMOVE,IQMA220205,25107
ADD,ARIN330585,25090
GETSV,25200
GETHP,DIGR240485
ADD,MATH132401,25072
ADD,WOPS120390,25058
ADD,INLO220405,25164
GETHP,INSE330380
REMOVE,SOEN330679,25135
GETHP,LESK120190
ADD,CAAL230180,25092
ADD,INPR140285,25039
REMOVE,PHYS130902,25152
GETSV,25014
ADD,ESYS431080,25026
ADD,ESYS431080,25004
GETSV,25068
GETSV,25194
GETSV,25080
ADD,ENPS220591,25027
REMOVE,EEEN234162,25117
REMOVE,WEPR330479,25150
GETSV,25084
GETSV,25142
GETSV,25092
ADD,LLCT120405,25039
ADD,ENPS220591,25097
GETSV,25096
REMOVE,DBMS330284,25067
ADD,DIGR240485,25186
ADD,DIGR240485,25072
ADD,FOIT331380,25019
ADD,DBMS330284,25105
ADD,MATH132901,25144
REMOVE,GELA236939,25181
REMOVE,INSO321005,25180
ADD,MALE431984,25162
REMOVE,PRTE230385,25149
ADD,ENCS330537,25004
GETSV,25050
REMOVE,PHYS111202,25047
GETSV,25044
ADD,INSO321005,25078
REMOVE,DIPR430685,25144
GETSV,25142
REMOVE,OPSY330280,25065
REMOVE,ARIN330585,25064
GETSV,25102
REMOVE,CLCO332779,25121
ADD,LLCT130105,25144
REMOVE,OPSY330280,25035
GETSV,25104
ADD,EEEN234162,25067
REMOVE,DBMS330284,25005
ADD,INLO220405,25052
GETHP,LESK120190
GETSV,25002
ADD,FOIT331380,25069
REMOVE,WOPS120390,25182
ADD,ECOM430984,25073
ADD,PHYS130902,25016
GETSV,25054
ADD,ECOM430984,25117
GETHP,WOPS120390
REMOVE,CLCO332779,25061
ADD,PHYS130902,25102
REMOVE,ECOM430984,25169
GETHP,ARIN330585
ADD,IPPA233277,25006
REMOVE,LLCT120205,25152
REMOVE,DIPR430685,25186
REMOVE,MATH143001,25005
GETSV,25026
ADD,GEFC220105,25037
ADD,PHYS130902,25164
REMOVE,INPR140285,25127
ADD,PRBE214262,25097
REMOVE,MATH143001,25117
REMOVE,INPR140285,25103
ADD,WIPR230579,25014
ADD,WOPS120390,25124
ADD,OPSY330280,25111
ADD,LLCT220514,25190
REMOVE,INMA220305,25081
ADD,MATH132401,25192
ADD,LLCT130105,25122
ADD,INSE330380,25092
ADD,IQMA220205,25127
ADD,OOPR230279,25158
ADD,LLCT120405,25089
ADD,MATH143001,25019
REMOVE,IVNC320905,25130
GETSV,25048
ADD,LLCT120405,25069
ADD,INSO321005,25156
ADD,INSO321005,25102
GETSV,25142
GETSV,25124
REMOVE,NEES330380,25175
GETHP,OOPR230279
ADD,SOEN330679,25111
ADD,MOPR331279,25017
GETSV,25142
ADD,OPSY330280,25065
ADD,INIT130185,25128
ADD,INPR140285,25075
ADD,WEPR330479,25154
REMOVE,CAAL230180,25092
ADD,MATH132901,25110
ADD,LLCT120405,25113
ADD,INIT130185,25178
GETSV,25120
ADD,FOIT331380,25027
ADD,MATH143001,25085
GETSV,25106
ADD,GELA236939,25061
ADD,INLO220405,25188
GETHP,WOPS120390
ADD,LLCT120205,25062
REMOVE,SPPR330885,25074
GETHP,LLCT130105
ADD,ENCS330537,25172
ADD,INPR140285,25111
GETHP,INSO321005
ADD,DIPR430685,25060
GETSV,25188
ADD,MATH132501,25151
GETHP,DIGR240485
ADD,SPPR330885,25012
GETHP,INSO321005
GETHP,LLCT220514
ADD,INMA220305,25093
ADD,DIPR430685,25036
GETHP,PHYS130902
GETSV,25114
REMOVE,MATH143001,25069
GETHP,MALE431984
GETHP,MATH132401
ADD,INSO321005,25170
ADD,EEEN234162,25149
GETHP,DIPR430685
GETSV,25032
REMOVE,SOEN330679,25139
ADD,CAAL230180,25114
GETHP,ENCS330537
ADD,MALE431984,25074
ADD,PHYS111202,25097
GETHP,MALE431984
GETHP,WEPR330479
ADD,MATH143001,25111
ADD,WEPR330479,25174
ADD,ARIN330585,25184
ADD,INOT231780,25035
GETSV,25016
REMOVE,PRTE230385,25187
GETHP,CAAL230180
ADD,DIPR430685,25176
GETHP,WEPR330479
REMOVE,LLCT120405,25043
REMOVE,FOIT331380,25005
GETHP,LLCT220514
ADD,INLO220405,25154
ADD,PRTE230385,25133
REMOVE,DIPR430685,25044
GETHP,WIPR230579
ADD,IVNC320905,25028
ADD,GEFC220105,25153
GETHP,CAAL230180
GETSV,25028
REMOVE,GEFC220105,25033
ADD,INIT130185,25184
GETHP,INSO321005
ADD,DBSY240184,25123
GETSV,25176
REMOVE,MATH143001,25131
REMOVE,DIGR240485,25138
GETSV,25112
GETSV,25150
ADD,PRTE230385,25113
GETHP,CAAL230180
ADD,IPPA233277,25150
ADD,INOT231780,25177
GETSV,25152
ADD,PRBE214262,25003
GETHP,ENCS330537
REMOVE,IVNC320905,25082
ADD,LLCT120314,25029
ADD,LESK120190,25052
ADD,ESYS431080,25086
ADD,PHYS111202,25153
GETHP,IVNC320905
ADD,LLCT120205,25142
GETSV,25140
GETSV,25116
ADD,GELA236939,25095
ADD,LLCT120205,25006
GETSV,25030
GETHP,SPPR330885
ADD,WOPS120390,25062
ADD,INPR140285,25129
ADD,INSE330380,25064
GETSV,25030
ADD,IQMA220205,25049
REMOVE,CLCO332779,25075
GETHP,MALE431984
ADD,ENCS330537,25042
REMOVE,INSE330380,25108
GETHP,ENCS330537
ADD,OPSY330280,25185
ADD,ENCS330537,25088
GETSV,25070
ADD,INMA220305,25019
ADD,PRTE230385,25177
ADD,LESK120190,25170
REMOVE,INPR140285,25029
REMOVE,DBMS330284,25167
GETSV,25012
REMOVE,MALE431984,25198
ADD,OOPR230279,25080
ADD,INPR140285,25085
GETHP,MALE431984
GETHP,ESYS431080
GETSV,25150
GETHP,WOPS120390
GETHP,MATH132901
ADD,PHYS130902,25140
ADD,ENPS220591,25183
GETHP,LESK120190
ADD,ENPS220591,25039
GETSV,25024
ADD,IPPA233277,25180
GETHP,IPPA233277
REMOVE,LLCT120205,25006
ADD,MATH132401,25024
ADD,ENPS220591,25115
REMOVE,MALE431984,25066
GETSV,25048
GETSV,25062
ADD,LESK120190,25090
GETHP,INLO220405
ADD,LLCT120314,25093
ADD,INIT130185,25028
ADD,DASA230179,25153
ADD,ARIN330585,25048
ADD,MATH132401,25180
ADD,LLCT220514,25198
GETSV,25180
REMOVE,MALE431984,25182
ADD,INOT231780,25137
GETHP,INSE330380
GETHP,INSE330380
REMOVE,LLCT120205,25044
ADD,MATH132501,25079
ADD,INMA220305,25023
GETSV,25036
GETHP,SPPR330885
GETHP,LLCT220514
GETSV,25104
GETSV,25176
GETSV,25174
ADD,ECOM430984,25097
ADD,INLO220405,25032
GETHP,WIPR230579
REMOVE,INPR140285,25155
ADD,OOPR230279,25082
REMOVE,INMA220305,25141
ADD,CAAL230180,25116
GETHP,ESYS431080
GETHP,LLCT220514
GETHP,WOPS120390
GETHP,MATH132901
GETHP,IVNC320905
ADD,MALE431984,25004
ADD,MOPR331279,25031
GETHP,LLCT120205
ADD,MATH132401,25108
GETSV,25178
GETHP,LLCT130105
GETSV,25152
ADD,CLCO332779,25123
GETSV,25032
ADD,LLCT120314,25067
GETHP,IVNC320905
GETHP,LLCT130105
ADD,OOPR230279,25032
GETHP,ESYS431080
GETHP,WOPS120390
ADD,LLCT130105,25126
REMOVE,FOIT331380,25073
GETHP,WIPR230579
REMOVE,LLCT120205,25062
GETSV,25116
GETHP,PHYS130902
REMOVE,DBMS330284,25103
GETSV,25068
GETSV,25146
ADD,PRTE230385,25045
GETHP,ENCS330537
GETHP,WEPR330479
REMOVE,ENCS330537,25050
GETSV,25166
REMOVE,PRBE214262,25049
ADD,CAAL230180,25160
REMOVE,GELA236939,25179
ADD,WOPS120390,25146
GETSV,25016
GETHP,LLCT220514
REMOVE,FOIT331380,25019
GETSV,25112
ADD,INMA220305,25147
GETHP,INIT130185
GETHP,DIPR430685
GETHP,MATH132901
ADD,IVNC320905,25044
GETSV,25084
ADD,OPSY330280,25033
ADD,INSE330380,25152
REMOVE,INMA220305,25099
ADD,SOEN330679,25197
ADD,DIPR430685,25012
ADD,ENPS220591,25175
REMOVE,ENCS330537,25022
GETSV,25004
REMOVE,DBMS330284,25079
ADD,CAAL230180,25112
ADD,INOT231780,25083
GETHP,LESK120190
GETHP,MATH132401
REMOVE,LLCT120405,25157
GETHP,ENCS330537
ADD,DIPR430685,25038
ADD,LLCT120314,25041
GETSV,25070
GETSV,25028
GETHP,ARIN330585
ADD,LLCT120314,25031
ADD,INOT231780,25057
ADD,PHYS130902,25178
GETSV,25008
REMOVE,ENPS220591,25109
GETHP,PHYS130902
ADD,OOPR230279,25178
GETSV,25128
ADD,DIPR430685,25138
ADD,GELA236939,25013
ADD,LLCT220514,25156
REMOVE,PHYS111202,25087
GETHP,MALE431984
ADD,CAAL230180,25124
REMOVE,MALE431984,25030
ADD,WEPR330479,25104
GETSV,25158
REMOVE,PHYS111202,25041
ADD,INIT130185,25152
GETSV,25062
GETSV,25092
ADD,LLCT120205,25198
GETHP,WIPR230579
ADD,WOPS120390,25088
GETSV,25158
ADD,DIPR430685,25184
REMOVE,LLCT120205,25026
REMOVE,INMA220305,25013
GETHP,INSE330380
GETHP,WOPS120390
REMOVE,MATH132401,25064
ADD,INOT231780,25163
GETSV,25016
ADD,INOT231780,25067
ADD,ARIN330585,25066
ADD,ENPS220591,25045
REMOVE,MATH132401,25052
GETSV,25050
GETSV,25040
ADD,LLCT120314,25181
ADD,PRTE230385,25101
REMOVE,WEPR330479,25060
ADD,PHYS111202,25047
ADD,SOEN330679,25129
ADD,WIPR230579,25042
ADD,FOIT331380,25045
GETHP,WEPR330479
GETSV,25056
ADD,GEFC220105,25099
GETSV,25144
ADD,PRTE230385,25019
ADD,CLCO332779,25125
ADD,LLCT120405,25033
GETHP,PHYS130902
ADD,MATH132901,25086
ADD,LLCT120205,25088
GETSV,25150
ADD,MATH132501,25105
GETHP,INSO321005
ADD,MOPR331279,25137
GETHP,WEPR330479
GETSV,25148
REMOVE,LLCT120314,25151
ADD,IVNC320905,25014
ADD,MOPR331279,25105
ADD,ESYS431080,25064
ADD,CLCO332779,25043
REMOVE,ARIN330585,25042
GETSV,25032
ADD,WOPS120390,25004
GETHP,MATH132901
GETHP,WIPR230579
REMOVE,WIPR230579,25060
ADD,ENCS330537,25166
GETHP,INSE330380
REMOVE,LLCT120205,25182
ADD,MATH143001,25193
ADD,INIT130185,25104
ADD,MALE431984,25010
ADD,MATH132401,25028
GETHP,LESK120190
GETHP,MATH132401
GETSV,25138
ADD,DIGR240485,25196
ADD,DIPR430685,25158
ADD,ECOM430984,25137
ADD,DIPR430685,25152
ADD,PRTE230385,25153
ADD,IVNC320905,25008
ADD,LLCT120314,25139
GETHP,LESK120190
ADD,DBMS330284,25005
GETHP,LLCT220514
ADD,LLCT220514,25018
GETSV,25024
ADD,MOPR331279,25163
ADD,ESYS431080,25058
GETSV,25162
GETSV,25152
ADD,IVNC320905,25188
REMOVE,CAAL230180,25094
REMOVE,ENPS220591,25113
REMOVE,INIT130185,25080
GETSV,25158
ADD,OPSY330280,25097
GETHP,INLO220405
ADD,IQMA220205,25169
GETHP,SPPR330885
ADD,MATH132401,25134
REMOVE,CLCO332779,25097
GETSV,25062
ADD,MATH132501,25073
REMOVE,INSO321005,25144
GETHP,INLO220405
ADD,ARIN330585,25152
REMOVE,NEES330380,25171
GETHP,MATH132401
ADD,WEPR330479,25088
REMOVE,PRTE230385,25019
ADD,LLCT220514,25116
GETHP,SPPR330885
GETHP,LLCT130105
ADD,MOPR331279,25007
GETSV,25108
GETSV,25068
GETSV,25114
GETHP,DIGR240485
GETHP,DIPR430685
ADD,ESYS431080,25124
ADD,PRTE230385,25057
REMOVE,LLCT220514,25154
ADD,INPR140285,25093
ADD,INLO220405,25068
ADD,NEES330380,25143
ADD,INSO321005,25166
ADD,LLCT120405,25073
GETHP,INLO220405
GETHP,CAAL230180
GETSV,25074
REMOVE,WEPR330479,25196
ADD,FOIT331380,25129
GETSV,25142
ADD,LLCT130105,25192
ADD,MATH132401,25066
GETSV,25112
ADD,INPR140285,25119
ADD,WOPS120390,25042
GETSV,25096
ADD,ECOM430984,25123
GETHP,INSE330380
GETHP,LESK120190
ADD,LESK120190,25094
GETSV,25028
GETSV,25042
REMOVE,MATH132401,25156
GETSV,25050
REMOVE,IPPA233277,25044
GETSV,25026
GETSV,25042
ADD,MATH143001,25141
REMOVE,ARIN330585,25164
REMOVE,PRTE230385,25153
GETHP,INIT130185
ADD,SPPR330885,25142
GETSV,25132
REMOVE,ESYS431080,25118
GETSV,25028
REMOVE,DIPR430685,25118
GETHP,INSO321005
GETSV,25068
GETHP,IPPA233277
REMOVE,ENPS220591,25081
ADD,INSE330380,25104
REMOVE,GEFC220105,25011
GETHP,ENCS330537
GETHP,ESYS431080
ADD,MATH132901,25190
GETSV,25108
ADD,INMA220305,25183
GETHP,LLCT120205
ADD,NEES330380,25065
ADD,OPSY330280,25085
ADD,WIPR230579,25012
ADD,DBSY240184,25023
ADD,OOPR230279,25142
ADD,CLCO332779,25193
ADD,ENPS220591,25011
GETHP,INSO321005
ADD,LLCT120205,25058
REMOVE,LLCT120405,25117
ADD,INSE330380,25140
ADD,CLCO332779,25191
ADD,ESYS431080,25038
ADD,PRBE214262,25057
GETHP,INIT130185
REMOVE,IVNC320905,25174
REMOVE,GEFC220105,25009
ADD,LLCT120205,25200
ADD,WEPR330479,25162
GETHP,DIGR240485
ADD,IPPA233277,25002
GETHP,DIPR430685
ADD,INSE330380,25098
ADD,INPR140285,25023
GETHP,INIT130185
ADD,MATH132401,25076
ADD,INOT231780,25031
ADD,IVNC320905,25086
REMOVE,DBSY240184,25177
REMOVE,MALE431984,25016
ADD,LLCT120314,25195
GETHP,MATH132901
ADD,OOPR230279,25026
ADD,PHYS111202,25025
ADD,IPPA233277,25040
REMOVE,CAAL230180,25060
ADD,IVNC320905,25118
ADD,OPSY330280,25161
GETHP,INSO321005
ADD,DBSY240184,25017
ADD,PHYS111202,25043
GETHP,ESYS431080
GETHP,MALE431984
ADD,OPSY330280,25019
GETHP,ENCS330537
ADD,PRTE230385,25003
ADD,CAAL230180,25090
GETSV,25016
ADD,FOIT331380,25051
ADD,GEFC220105,25023
REMOVE,ESYS431080,25182
REMOVE,GEFC220105,25017
GETHP,INSO321005
ADD,CAAL230180,25118
REMOVE,LLCT120405,25153
REMOVE,MALE431984,25152
ADD,MATH132901,25162
GETHP,IVNC320905
ADD,LLCT220514,25050
ADD,DBSY240184,25053
GETHP,IPPA233277
ADD,WOPS120390,25194
GETSV,25034
ADD,MOPR331279,25101
GETHP,MATH132901
GETSV,25168
ADD,FOIT331380,25003
ADD,WIPR230579,25090
ADD,LLCT220514,25030
GETHP,PHYS130902
GETSV,25036
REMOVE,LLCT120314,25023
GETSV,25134
GETSV,25172
REMOVE,SOEN330679,25031
ADD,INIT130185,25150
ADD,PHYS111202,25051
ADD,CLCO332779,25069
GETHP,IVNC320905
GETHP,MALE431984
ADD,LLCT120205,25184
GETSV,25074
ADD,DIPR430685,25084
REMOVE,NEES330380,25135
ADD,ESYS431080,25182
REMOVE,DBMS330284,25105
GETHP,ENCS330537
ADD,SPPR330885,25190
ADD,PRBE214262,25177
REMOVE,DIPR430685,25176
ADD,ENPS220591,25107
ADD,SPPR330885,25002
ADD,INOT231780,25093
ADD,INLO220405,25110
REMOVE,CLCO332779,25057
GETHP,INIT130185
GETSV,25124
ADD,INMA220305,25047
ADD,MATH143001,25009
ADD,IVNC320905,25104
ADD,IPPA233277,25194
ADD,LLCT120314,25085
REMOVE,MATH143001,25065
GETSV,25070
REMOVE,SOEN330679,25195
ADD,MATH132401,25082
GETSV,25064
ADD,FOIT331380,25171
REMOVE,PHYS130902,25116
GETSV,25114
ADD,PRTE230385,25013
REMOVE,WEPR330479,25180
ADD,WEPR330479,25054
REMOVE,GELA236939,25113
ADD,ENPS220591,25123
ADD,INSO321005,25058
ADD,ENCS330537,25188
REMOVE,INSO321005,25166
GETSV,25044
ADD,LLCT130105,25110
ADD,ENPS220591,25193
REMOVE,IQMA220205,25067
ADD,WOPS120390,25082
GETHP,WIPR230579
REMOVE,INSE330380,25074
REMOVE,DBSY240184,25141
ADD,WIPR230579,25068
GETSV,25092
GETHP,PHYS130902
ADD,LLCT130105,25174
ADD,MATH132901,25018
ADD,INSE330380,25100
REMOVE,OPSY330280,25167
GETHP,CAAL230180
REMOVE,LLCT130105,25192
ADD,DIPR430685,25050
GETSV,25072
GETHP,ESYS431080
REMOVE,ARIN330585,25090
REMOVE,INLO220405,25068
ADD,CLCO332779,25167
ADD,WIPR230579,25134
ADD,MATH132501,25081
ADD,DIGR240485,25080
REMOVE,ESYS431080,25058
GETHP,WIPR230579
ADD,WEPR330479,25146
GETSV,25136
GETSV,25134
ADD,LLCT120405,25137
GETHP,IVNC320905
REMOVE,SPPR330885,25142
ADD,GEFC220105,25017
REMOVE,OOPR230279,25144
GETHP,IPPA233277
GETHP,LLCT220514
GETHP,PHYS130902
ADD,INSO321005,25006
ADD,DASA230179,25137
REMOVE,GEFC220105,25171
ADD,SPPR330885,25162
GETSV,25152
ADD,SOEN330679,25115
ADD,MATH132401,25084
ADD,DBMS330284,25127
ADD,INIT130185,25102
ADD,FOIT331380,25001
ADD,INMA220305,25037
ADD,ESYS431080,25028
GETHP,INIT130185
ADD,ENCS330537,25062
ADD,ESYS431080,25200
ADD,WEPR330479,25196
ADD,ECOM430984,25151
ADD,IVNC320905,25166
REMOVE,LLCT120205,25056
GETSV,25086
GETHP,LLCT130105
ADD,SPPR330885,25078
GETHP,LLCT220514
ADD,MATH132901,25062
GETSV,25116
GETHP,IVNC320905
GETHP,LLCT130105
GETSV,25200
GETHP,PHYS130902
ADD,IVNC320905,25184
REMOVE,INPR140285,25147
REMOVE,WIPR230579,25138
ADD,SOEN330679,25109
GETHP,ESYS431080
ADD,IVNC320905,25026
ADD,INLO220405,25092
GETSV,25130
REMOVE,PRTE230385,25013
ADD,INMA220305,25119
GETHP,MALE431984
GETSV,25194
ADD,ENPS220591,25001
ADD,SPPR330885,25080
ADD,OPSY330280,25011
REMOVE,MATH132501,25077
ADD,INSE330380,25196
REMOVE,OPSY330280,25135
ADD,LLCT120405,25161
ADD,WIPR230579,25016
ADD,CAAL230180,25026
REMOVE,OPSY330280,25069
ADD,DIGR240485,25028
ADD,PHYS111202,25175
GETHP,INIT130185
ADD,LLCT220514,25094
ADD,INOT231780,25185
ADD,PHYS130902,25160
GETSV,25174
ADD,MATH143001,25177
ADD,INSO321005,25136
REMOVE,ENPS220591,25003
REMOVE,LLCT120205,25010
REMOVE,ECOM430984,25061
ADD,MATH132401,25148
ADD,SOEN330679,25135
REMOVE,INSO321005,25022
ADD,LLCT120314,25033
GETHP,MATH132901
ADD,OOPR230279,25192
GETSV,25014
ADD,DASA230179,25041
REMOVE,CAAL230180,25192
ADD,INLO220405,25130
REMOVE,WEPR330479,25140
REMOVE,OPSY330280,25183
REMOVE,WIPR230579,25094
ADD,INSE330380,25192
REMOVE,LLCT120314,25067
REMOVE,PHYS111202,25197
ADD,WIPR230579,25188
ADD,NEES330380,25025
REMOVE,SOEN330679,25075
ADD,FOIT331380,25029
ADD,LLCT130105,25188
GETHP,SPPR330885
ADD,DBMS330284,25167
ADD,INSE330380,25096
GETSV,25038
ADD,PHYS130902,25058
REMOVE,LLCT120205,25076
ADD,GEFC220105,25095
ADD,CLCO332779,25085
ADD,SPPR330885,25164
GETSV,25138
ADD,EEEN234162,25061
GETHP,INSE330380
GETHP,IPPA233277
REMOVE,GEFC220105,25189
ADD,PHYS130902,25052
GETSV,25178
GETSV,25176
GETSV,25150
REMOVE,INSE330380,25104
GETHP,WOPS120390
ADD,DBMS330284,25083
ADD,INSO321005,25180
GETSV,25130
REMOVE,FOIT331380,25045
GETSV,25154
ADD,NEES330380,25101
GETSV,25106
ADD,SPPR330885,25132
REMOVE,PHYS130902,25088
GETSV,25070
GETSV,25156
ADD,CLCO332779,25047
ADD,DIGR240485,25120
ADD,PRTE230385,25015
GETSV,25140
GETSV,25090
ADD,NEES330380,25109
ADD,DASA230179,25119
GETHP,ENCS330537
ADD,IPPA233277,25020
GETSV,25196
GETSV,25058
ADD,OOPR230279,25052
ADD,PRBE214262,25143
GETSV,25012
ADD,LLCT220514,25102
REMOVE,MATH143001,25169
GETHP,LLCT130105
REMOVE,LESK120190,25030
GETSV,25052
ADD,MATH143001,25113
ADD,WEPR330479,25080
REMOVE,WOPS120390,25002
ADD,DIGR240485,25188
REMOVE,EEEN234162,25169
GETSV,25062
ADD,CLCO332779,25177
ADD,MATH132901,25156
ADD,ENPS220591,25071
ADD,DIPR430685,25086
ADD,SOEN330679,25033
ADD,MALE431984,25016
REMOVE,LESK120190,25138
REMOVE,MATH132501,25125
ADD,WOPS120390,25150
REMOVE,DBSY240184,25169
REMOVE,SPPR330885,25096
REMOVE,MATH143001,25011
GETHP,WOPS120390
GETHP,DIPR430685
ADD,INOT231780,25011
ADD,ESYS431080,25002
ADD,OOPR230279,25188
ADD,FOIT331380,25169
ADD,LLCT220514,25192
REMOVE,MATH132401,25076
GETHP,MATH132901
ADD,MATH132401,25076
ADD,LLCT120314,25023
ADD,SPPR330885,25088
ADD,LLCT120205,25186
ADD,CLCO332779,25133
ADD,MATH132901,25014
REMOVE,INPR140285,25177
REMOVE,LLCT130105,25088
GETSV,25142
GETSV,25124
ADD,IQMA220205,25175
ADD,IPPA233277,25102
ADD,SOEN330679,25011
ADD,LLCT120405,25063
GETSV,25004
ADD,DIPR430685,25134
ADD,MOPR331279,25009
GETSV,25006
ADD,IQMA220205,25025
GETHP,PHYS130902
GETHP,DIGR240485
GETHP,OOPR230279
REMOVE,IPPA233277,25042
GETSV,25160
GETHP,ENCS330537
REMOVE,LLCT120405,25139
ADD,WEPR330479,25098
GETSV,25008
ADD,DIPR430685,25100
GETSV,25196
GETSV,25050
GETHP,ENCS330537
ADD,LLCT120205,25090
REMOVE,GELA236939,25013
GETSV,25026
GETHP,DIPR430685
REMOVE,SPPR330885,25026
ADD,INMA220305,25135
ADD,CLCO332779,25129
REMOVE,DBMS330284,25115
ADD,WEPR330479,25106
REMOVE,WEPR330479,25196
REMOVE,ENPS220591,25193
REMOVE,EEEN234162,25187
GETHP,INSE330380
REMOVE,WOPS120390,25162
GETSV,25188
ADD,SOEN330679,25023
ADD,CAAL230180,25182
GETSV,25060
GETSV,25058
GETSV,25170
ADD,GEFC220105,25029
REMOVE,INSO321005,25116
REMOVE,IVNC320905,25184
REMOVE,PHYS130902,25178
REMOVE,OOPR230279,25036
GETSV,25042
ADD,PHYS111202,25013
GETSV,25018
REMOVE,DBSY240184,25125
GETHP,LLCT130105
ADD,LLCT120205,25026
ADD,INMA220305,25109
GETHP,DIPR430685
ADD,IPPA233277,25146
GETSV,25056
GETHP,INSE330380
ADD,CAAL230180,25080
REMOVE,DIPR430685,25180
REMOVE,LLCT120314,25047
REMOVE,MATH143001,25001
GETSV,25142
ADD,LLCT130105,25092
GETSV,25082
ADD,ENPS220591,25093
ADD,PRTE230385,25079
REMOVE,DBSY240184,25065
REMOVE,INMA220305,25197
GETSV,25018
GETHP,LLCT120205
ADD,INIT130185,25130
ADD,INOT231780,25101
ADD,DBSY240184,25175
GETHP,WEPR330479
GETHP,INLO220405
REMOVE,INSE330380,25020
GETSV,25010
ADD,DASA230179,25061
ADD,MATH143001,25135
ADD,PHYS111202,25169
ADD,CAAL230180,25136
REMOVE,GELA236939,25043
ADD,MATH132401,25026
REMOVE,OOPR230279,25180
ADD,INPR140285,25073
GETSV,25078
REMOVE,ECOM430984,25105
ADD,LLCT130105,25112
GETSV,25030
GETSV,25014
REMOVE,OOPR230279,25152
ADD,OOPR230279,25170
ADD,MOPR331279,25157
ADD,PHYS130902,25100
GETHP,DIPR430685
GETHP,ESYS431080
ADD,PHYS130902,25130
ADD,ENCS330537,25036
GETSV,25084
REMOVE,CAAL230180,25102
ADD,MATH143001,25179
GETHP,OOPR230279
GETSV,25134
REMOVE,MATH132501,25081
GETHP,ENCS330537
ADD,MATH132401,25184
ADD,FOIT331380,25165
GETHP,IPPA233277
ADD,NEES330380,25053
REMOVE,INSE330380,25012
GETSV,25162
ADD,INOT231780,25149
GETSV,25042
REMOVE,EEEN234162,25149
REMOVE,WEPR330479,25052
REMOVE,PRTE230385,25199
GETSV,25148
REMOVE,SOEN330679,25039
ADD,DASA230179,25057
GETHP,LESK120190
GETSV,25012
REMOVE,MATH132901,25150
ADD,ENPS220591,25089
REMOVE,MATH132901,25112
ADD,DBSY240184,25075
ADD,MALE431984,25114
ADD,IQMA220205,25081
ADD,DIGR240485,25096
GETHP,INSO321005
GETSV,25032
ADD,CAAL230180,25082
ADD,MOPR331279,25029
ADD,IVNC320905,25068
ADD,IQMA220205,25003
ADD,INIT130185,25098
GETHP,DIPR430685
ADD,INSE330380,25116
ADD,ENPS220591,25095
GETSV,25110
ADD,DBMS330284,25163
ADD,IQMA220205,25089
GETSV,25070
GETSV,25148
ADD,INOT231780,25193
REMOVE,EEEN234162,25083
GETSV,25180
ADD,PRBE214262,25185
REMOVE,OOPR230279,25026
ADD,GELA236939,25053
REMOVE,INSE330380,25140
ADD,WIPR230579,25030
ADD,DIGR240485,25088
ADD,GELA236939,25131
REMOVE,INMA220305,25021
ADD,OOPR230279,25180
GETSV,25194
REMOVE,EEEN234162,25141
REMOVE,LLCT120405,25015
REMOVE,WIPR230579,25144
GETHP,OOPR230279
ADD,INPR140285,25189
ADD,ENCS330537,25116
GETHP,SPPR330885
ADD,DIGR240485,25052
ADD,PRBE214262,25039
GETHP,MALE431984
GETSV,25106
REMOVE,PRTE230385,25109
ADD,ENCS330537,25092
REMOVE,NEES330380,25023
ADD,IQMA220205,25123
ADD,WOPS120390,25114
REMOVE,LLCT120205,25100
GETSV,25066
ADD,INMA220305,25167
ADD,LLCT130105,25046
ADD,OPSY330280,25145
ADD,MATH132401,25154
GETSV,25090
GETHP,OOPR230279
REMOVE,ESYS431080,25002
GETHP,LLCT220514
ADD,MALE431984,25090
ADD,NEES330380,25197
ADD,INMA220305,25079
GETHP,CAAL230180
REMOVE,IVNC320905,25188
REMOVE,LLCT220514,25094
REMOVE,INIT130185,25152
ADD,CLCO332779,25075
GETHP,LLCT130105
ADD,PHYS130902,25192
GETSV,25110
ADD,PRBE214262,25025
ADD,LLCT120205,25056
ADD,EEEN234162,25075
ADD,DASA230179,25141
REMOVE,FOIT331380,25199
ADD,WIPR230579,25150
ADD,NEES330380,25113
ADD,LLCT120205,25120
GETSV,25182
REMOVE,LLCT130105,25136
REMOVE,OOPR230279,25178
ADD,DIPR430685,25140
GETSV,25154
GETHP,ESYS431080
REMOVE,ARIN330585,25098
ADD,MATH143001,25125
ADD,INLO220405,25148
ADD,PRTE230385,25103
GETSV,25180
ADD,EEEN234162,25015
GETHP,ESYS431080
GETHP,INSE330380
ADD,GEFC220105,25061
GETSV,25026
ADD,LLCT120314,25109
GETSV,25138
ADD,SOEN330679,25181
GETSV,25148
ADD,LLCT130105,25118
REMOVE,EEEN234162,25029
ADD,LLCT130105,25052
REMOVE,SPPR330885,25158
ADD,WIPR230579,25200
ADD,PRTE230385,25019
ADD,IVNC320905,25074
ADD,DASA230179,25181
GETHP,INIT130185
GETHP,DIPR430685
ADD,INOT231780,25179
ADD,INLO220405,25106
REMOVE,DIPR430685,25036
REMOVE,IQMA220205,25027
GETHP,DIPR430685
GETSV,25086
REMOVE,ENPS220591,25137
GETHP,IPPA233277
REMOVE,DIGR240485,25048
REMOVE,ENPS220591,25051
ADD,MALE431984,25058
ADD,INMA220305,25021
ADD,ENCS330537,25174
ADD,ARIN330585,25032
GETHP,MATH132401
ADD,MATH132901,25028
ADD,DIPR430685,25174
REMOVE,DBSY240184,25081
ADD,INOT231780,25195
REMOVE,INLO220405,25132
REMOVE,INOT231780,25151
ADD,DBSY240184,25001
REMOVE,ENCS330537,25088
GETHP,ARIN330585
GETSV,25200
ADD,GEFC220105,25147
REMOVE,LLCT120405,25081
ADD,ESYS431080,25080
ADD,NEES330380,25029
GETHP,INLO220405
GETSV,25104
ADD,GEFC220105,25125
REMOVE,INSE330380,25196
GETHP,DIPR430685
GETHP,INSE330380
GETSV,25168
ADD,PRTE230385,25179
REMOVE,LESK120190,25034
ADD,NEES330380,25125
GETSV,25146
GETHP,ENCS330537
ADD,MALE431984,25084
ADD,DASA230179,25001
ADD,IPPA233277,25136
REMOVE,DASA230179,25067
ADD,ARIN330585,25180
GETSV,25146
REMOVE,PRBE214262,25133
ADD,GELA236939,25143
GETHP,WIPR230579
ADD,CAAL230180,25150
REMOVE,MATH132501,25169
GETSV,25030
GETHP,MATH132401
ADD,LLCT220514,25088
ADD,MATH132501,25123
GETHP,INLO220405
GETSV,25166
ADD,MALE431984,25112
ADD,MATH132501,25187
ADD,WOPS120390,25178
GETSV,25040
GETSV,25110
ADD,ENPS220591,25067
ADD,ESYS431080,25162
GETSV,25016
GETHP,SPPR330885
GETHP,OOPR230279
ADD,ENCS330537,25110
REMOVE,MALE431984,25112
GETHP,ESYS431080
GETHP,ESYS431080
REMOVE,MATH132901,25176
REMOVE,INMA220305,25187
GETSV,25064
REMOVE,DIGR240485,25058
REMOVE,INMA220305,25089
ADD,INIT130185,25120
ADD,CLCO332779,25163
REMOVE,ARIN330585,25082
GETSV,25034
ADD,EEEN234162,25189
REMOVE,LLCT220514,25068
ADD,INIT130185,25094
ADD,LLCT120314,25123
ADD,INSE330380,25130
ADD,INSE330380,25172
GETHP,SPPR330885
ADD,WIPR230579,25084
GETHP,MALE431984
REMOVE,INMA220305,25183
REMOVE,OOPR230279,25142
ADD,MATH132501,25137
GETSV,25006
REMOVE,INOT231780,25129
REMOVE,IVNC320905,25144
ADD,ESYS431080,25178
ADD,DASA230179,25093
GETHP,LLCT220514
GETSV,25128
ADD,ARIN330585,25034
ADD,MOPR331279,25069
ADD,IPPA233277,25012
REMOVE,INIT130185,25014
ADD,ECOM430984,25105
GETHP,CAAL230180
GETHP,INSO321005
GETHP,INSE330380
GETHP,INSO321005
GETSV,25006
ADD,CLCO332779,25057
ADD,ENCS330537,25200
ADD,PRTE230385,25027
ADD,EEEN234162,25117
REMOVE,WIPR230579,25100
ADD,PRTE230385,25153
ADD,LLCT120405,25027
REMOVE,MATH132401,25124
GETSV,25020
ADD,GELA236939,25135
ADD,INSE330380,25158
ADD,EEEN234162,25033
GETSV,25126
ADD,ESYS431080,25114
GETSV,25144
REMOVE,PHYS111202,25061
GETSV,25194
REMOVE,GELA236939,25133
GETHP,MATH132901
GETHP,SPPR330885
ADD,WEPR330479,25056
GETSV,25110
GETSV,25012
GETHP,WOPS120390
ADD,PHYS111202,25001
ADD,WIPR230579,25058
GETSV,25104
GETSV,25174
ADD,DBMS330284,25097
ADD,INPR140285,25051
GETHP,DIGR240485
ADD,GEFC220105,25051
REMOVE,DIGR240485,25010
ADD,ARIN330585,25164
REMOVE,DASA230179,25075
REMOVE,LLCT130105,25178
ADD,IPPA233277,25084
ADD,GEFC220105,25055
ADD,GEFC220105,25113
GETHP,SPPR330885
REMOVE,OOPR230279,25158
ADD,INPR140285,25001
ADD,INPR140285,25171
ADD,PRTE230385,25013
GETHP,CAAL230180
ADD,OOPR230279,25106
GETSV,25096
REMOVE,MATH143001,25139
ADD,PRBE214262,25013
ADD,LLCT120405,25103
ADD,LLCT120405,25105
GETHP,INIT130185
ADD,ENCS330537,25094
REMOVE,LLCT120314,25033
ADD,CAAL230180,25024
GETSV,25174
GETSV,25156
ADD,CAAL230180,25110
REMOVE,PRBE214262,25035
ADD,OOPR230279,25186
ADD,LLCT120314,25077
REMOVE,IPPA233277,25172
ADD,GELA236939,25151
ADD,CLCO332779,25049
GETHP,INSE330380
ADD,INSO321005,25086
ADD,MATH132401,25120
ADD,INIT130185,25114
ADD,LLCT120205,25004
GETSV,25058
ADD,OOPR230279,25124
REMOVE,SOEN330679,25047
GETHP,LLCT220514
GETHP,WEPR330479
REMOVE,MATH132401,25050
GETSV,25176
REMOVE,ECOM430984,25051
ADD,SPPR330885,25122
GETSV,25176
ADD,ENPS220591,25195
ADD,ECOM430984,25189
REMOVE,MATH132401,25108
ADD,INLO220405,25174
REMOVE,OPSY330280,25193
GETHP,ESYS431080
ADD,PRBE214262,25113
ADD,ARIN330585,25160
REMOVE,IPPA233277,25002
ADD,IQMA220205,25077
ADD,DIPR430685,25004
ADD,DBMS330284,25087
GETSV,25044
ADD,GELA236939,25191
GETSV,25196
REMOVE,DBMS330284,25167
GETSV,25046
REMOVE,MATH143001,25027
ADD,LLCT130105,25018
REMOVE,CLCO332779,25103
REMOVE,OOPR230279,25168
ADD,SPPR330885,25130
GETSV,25040
GETHP,ENCS330537
ADD,ARIN330585,25122
ADD,PHYS111202,25053
ADD,CAAL230180,25140
ADD,PRBE214262,25055
GETHP,IVNC320905
REMOVE,DIPR430685,25140
ADD,WOPS120390,25014
REMOVE,PRTE230385,25001
REMOVE,IVNC320905,25040
ADD,SOEN330679,25099
GETHP,MATH132901
REMOVE,MATH143001,25107
ADD,LLCT220514,25122
REMOVE,INSO321005,25052
GETHP,INLO220405
ADD,MATH132901,25124
REMOVE,CLCO332779,25111
GETHP,LLCT120205
GETHP,DIPR430685
REMOVE,SPPR330885,25014
ADD,MOPR331279,25177
GETHP,DIPR430685
GETSV,25200
GETSV,25150
GETSV,25116
REMOVE,IQMA220205,25103
REMOVE,MATH132901,25190
GETSV,25084
ADD,EEEN234162,25151
ADD,DIGR240485,25174
ADD,OOPR230279,25104
GETHP,CAAL230180
GETSV,25150
ADD,DBSY240184,25025
ADD,IPPA233277,25120
GETSV,25120
REMOVE,MOPR331279,25141
ADD,SPPR330885,25116
ADD,MATH132501,25175
ADD,PRTE230385,25185
ADD,WOPS120390,25072
ADD,SOEN330679,25147
ADD,WOPS120390,25012
ADD,CLCO332779,25199
ADD,INSO321005,25142
GETHP,WIPR230579
ADD,LLCT120205,25174
REMOVE,IVNC320905,25050
ADD,LLCT220514,25124
ADD,IQMA220205,25027
GETHP,INSO321005
GETHP,PHYS130902
GETSV,25188
ADD,IQMA220205,25105
REMOVE,MATH143001,25075
GETHP,PHYS130902
REMOVE,DBMS330284,25123
REMOVE,LLCT130105,25018
GETHP,MALE431984
ADD,INLO220405,25066
REMOVE,DBSY240184,25045
REMOVE,LLCT120205,25092
GETSV,25186
GETSV,25136
REMOVE,INOT231780,25083
GETHP,DIPR430685
ADD,WEPR330479,25034
GETHP,INSO321005
GETSV,25162
GETSV,25008
REMOVE,INSE330380,25018
REMOVE,PRBE214262,25055
ADD,ARIN330585,25174
ADD,INOT231780,25169
ADD,MATH132401,25016
REMOVE,CLCO332779,25163
REMOVE,INIT130185,25098
ADD,IPPA233277,25060
GETHP,WEPR330479
ADD,IPPA233277,25148
ADD,PRTE230385,25151
GETHP,OOPR230279
REMOVE,ENCS330537,25180
GETHP,SPPR330885
GETHP,DIPR430685
ADD,INPR140285,25007
REMOVE,LLCT120405,25105
GETHP,INSO321005
GETHP,INIT130185
REMOVE,PRBE214262,25117
REMOVE,LLCT220514,25148
REMOVE,PHYS111202,25079
REMOVE,LLCT130105,25174
ADD,GEFC220105,25185
ADD,EEEN234162,25027
GETHP,ESYS431080
REMOVE,INPR140285,25075
ADD,INSE330380,25066
ADD,OPSY330280,25189
ADD,DBSY240184,25183
ADD,ENCS330537,25142
GETHP,IVNC320905
GETHP,ARIN330585
REMOVE,MALE431984,25196
GETHP,INLO220405
GETSV,25042
REMOVE,SOEN330679,25061
GETSV,25050
GETHP,MALE431984
GETHP,MATH132901
GETHP,MATH132401
ADD,IVNC320905,25022
ADD,MATH143001,25073
ADD,LLCT130105,25106
GETHP,ENCS330537
REMOVE,LLCT220514,25114
ADD,LLCT120405,25151
REMOVE,MATH132901,25086
ADD,IQMA220205,25113
REMOVE,SOEN330679,25163
REMOVE,MATH132901,25026
GETSV,25152
GETSV,25190
GETHP,WOPS120390
ADD,PHYS130902,25086
ADD,INPR140285,25113
GETHP,WIPR230579
GETHP,MATH132401
GETHP,MATH132401
ADD,FOIT331380,25047
REMOVE,DIPR430685,25174
GETSV,25012
GETSV,25026
REMOVE,PHYS111202,25037
REMOVE,INLO220405,25148
REMOVE,GEFC220105,25143
GETHP,INIT130185
GETSV,25012
REMOVE,GEFC220105,25031
ADD,IVNC320905,25182
GETHP,DIPR430685
ADD,INIT130185,25142
REMOVE,CLCO332779,25075
GETSV,25170
GETSV,25144
REMOVE,PHYS111202,25123
ADD,MATH143001,25069
REMOVE,ENCS330537,25166
GETSV,25196
GETSV,25162
GETHP,INIT130185
ADD,LLCT130105,25050
ADD,CLCO332779,25061
GETHP,INSE330380
ADD,MATH132901,25148
REMOVE,MALE431984,25166
ADD,PRBE214262,25091
GETHP,DIGR240485
REMOVE,PHYS111202,25171
ADD,INLO220405,25020
ADD,GELA236939,25071
REMOVE,ARIN330585,25126
GETSV,25100
REMOVE,EEEN234162,25167
ADD,ESYS431080,25190
GETSV,25092
ADD,LLCT220514,25094
ADD,PRTE230385,25073
ADD,MALE431984,25112
REMOVE,PHYS111202,25085
GETHP,DIPR430685
ADD,IPPA233277,25154
ADD,GELA236939,25169
REMOVE,MATH143001,25019
ADD,INSE330380,25146
GETSV,25120
GETSV,25110
REMOVE,PHYS111202,25097
ADD,INLO220405,25008
ADD,WEPR330479,25002
ADD,FOIT331380,25077
REMOVE,MATH143001,25015
GETHP,CAAL230180
REMOVE,INSO321005,25068
GETSV,25178
ADD,OOPR230279,25012
GETSV,25050
REMOVE,PRTE230385,25045
GETHP,WIPR230579
ADD,NEES330380,25177
ADD,CLCO332779,25155
ADD,INSO321005,25100
GETSV,25026
REMOVE,PRBE214262,25045
GETHP,DIPR430685
REMOVE,SPPR330885,25060
ADD,DBMS330284,25063
ADD,LLCT220514,25070
REMOVE,INLO220405,25040
GETHP,INLO220405
GETHP,INSE330380
ADD,LESK120190,25014
REMOVE,GELA236939,25081
REMOVE,IPPA233277,25176
GETSV,25054
REMOVE,NEES330380,25075
ADD,LLCT130105,25178
GETHP,ESYS431080
ADD,MALE431984,25154
GETSV,25154
GETHP,WOPS120390
REMOVE,SPPR330885,25196
REMOVE,ECOM430984,25119
ADD,INOT231780,25001
GETHP,CAAL230180
GETHP,OOPR230279
GETHP,INSE330380
GETHP,MATH132901
ADD,LLCT220514,25174
ADD,MATH132401,25136
GETSV,25118
REMOVE,ECOM430984,25017
GETHP,IVNC320905
GETHP,WOPS120390
GETSV,25060
REMOVE,CLCO332779,25055
ADD,SPPR330885,25142
GETSV,25004
REMOVE,LLCT220514,25094
REMOVE,FOIT331380,25089
GETHP,INIT130185
REMOVE,ENPS220591,25027
ADD,IVNC320905,25162
REMOVE,MATH132501,25117
REMOVE,ENCS330537,25036
REMOVE,ENPS220591,25175
GETHP,INIT130185
GETHP,MALE431984
GETHP,WEPR330479
GETHP,INSO321005
GETSV,25006
GETSV,25052
GETHP,INIT130185
ADD,SPPR330885,25140
GETSV,25050
ADD,MATH132401,25068
ADD,INMA220305,25103
ADD,PHYS130902,25062
GETHP,INIT130185
ADD,IVNC320905,25050
GETSV,25136
ADD,CAAL230180,25180
GETSV,25058
ADD,INOT231780,25183
ADD,INMA220305,25185
GETSV,25182
GETSV,25044
ADD,INIT130185,25174
REMOVE,LLCT120405,25033
REMOVE,OOPR230279,25080
GETSV,25086
ADD,INSE330380,25058
ADD,LLCT120314,25053
ADD,ENCS330537,25182
GETHP,WIPR230579
GETHP,ESYS431080
ADD,PHYS130902,25178
GETHP,INSO321005
GETHP,SPPR330885
ADD,LLCT220514,25032
GETSV,25174
GETSV,25078
ADD,LESK120190,25106
GETSV,25022
ADD,OPSY330280,25107
GETSV,25080
ADD,NEES330380,25027
ADD,ENCS330537,25090
REMOVE,OPSY330280,25013
REMOVE,MALE431984,25004
REMOVE,NEES330380,25095
ADD,ESYS431080,25070
REMOVE,ARIN330585,25032
GETSV,25078
REMOVE,OPSY330280,25097
ADD,MATH132401,25096
GETSV,25032
ADD,MATH132401,25058
ADD,IQMA220205,25199
ADD,LESK120190,25126
ADD,PHYS130902,25074
GETSV,25098
ADD,DIPR430685,25052
GETHP,ARIN330585
ADD,IVNC320905,25052
ADD,INMA220305,25151
GETSV,25164
ADD,ECOM430984,25007
GETHP,ARIN330585
ADD,LLCT120405,25183
REMOVE,ECOM430984,25009
ADD,PHYS111202,25147
ADD,IVNC320905,25002
GETSV,25178
ADD,MATH132501,25005
ADD,INLO220405,25196
ADD,ENPS220591,25177
ADD,WOPS120390,25136
ADD,ARIN330585,25098
ADD,ECOM430984,25133
GETSV,25106
ADD,INOT231780,25053
GETHP,INSE330380
ADD,LESK120190,25002
ADD,CLCO332779,25101
REMOVE,IQMA220205,25191
GETHP,CAAL230180
GETHP,WOPS120390
GETHP,MALE431984
ADD,LLCT120405,25067
GETHP,LLCT120205
ADD,INSO321005,25056
REMOVE,INSO321005,25042
REMOVE,LLCT120314,25077
REMOVE,MATH143001,25095
GETHP,WOPS120390
GETHP,ENCS330537
REMOVE,INSE330380,25060
GETSV,25108
ADD,DASA230179,25087
ADD,DIGR240485,25102
GETHP,INSE330380
ADD,PHYS111202,25161
GETSV,25158
GETSV,25102
REMOVE,GELA236939,25073
GETHP,LLCT220514
REMOVE,MATH132501,25129
ADD,NEES330380,25155
REMOVE,INSE330380,25174
ADD,DBSY240184,25155
GETHP,LLCT130105
ADD,EEEN234162,25035
GETHP,WIPR230579
GETSV,25150
REMOVE,PRTE230385,25177
ADD,SPPR330885,25082
ADD,MATH132401,25004
GETSV,25074
GETSV,25130
REMOVE,IVNC320905,25052
REMOVE,SOEN330679,25121
GETSV,25022
REMOVE,NEES330380,25163
REMOVE,ARIN330585,25156
ADD,GELA236939,25179
GETHP,OOPR230279
GETHP,INIT130185
GETHP,LLCT120205
GETHP,LLCT120205
ADD,PHYS130902,25060
ADD,WEPR330479,25038
ADD,DBMS330284,25153
GETHP,LLCT120205
ADD,PRBE214262,25049
REMOVE,CAAL230180,25034
REMOVE,PRBE214262,25005
REMOVE,ECOM430984,25183
ADD,EEEN234162,25169
GETSV,25048
ADD,IPPA233277,25002
ADD,PHYS130902,25092
REMOVE,INSO321005,25126
ADD,LLCT130105,25136
ADD,MATH132501,25159
GETSV,25086
REMOVE,INOT231780,25121
ADD,DBSY240184,25107
GETHP,ARIN330585
REMOVE,MOPR331279,25189
ADD,LLCT130105,25196
GETHP,IVNC320905
GETSV,25090
GETHP,INSO321005
GETHP,INSE330380
ADD,OOPR230279,25168
GETSV,25198
GETSV,25020
GETSV,25114
GETSV,25040
REMOVE,INLO220405,25162
GETSV,25198
REMOVE,INSE330380,25168
ADD,INOT231780,25147
REMOVE,INOT231780,25069
ADD,INSE330380,25164
GETHP,INIT130185
GETSV,25116
REMOVE,MATH132501,25159
REMOVE,EEEN234162,25113
GETHP,LLCT120205
REMOVE,MATH132401,25126
REMOVE,INMA220305,25153
ADD,IQMA220205,25147
GETSV,25072
GETHP,SPPR330885
ADD,WEPR330479,25128
GETHP,MATH132401
ADD,OOPR230279,25142
ADD,ARIN330585,25088
GETHP,IVNC320905
ADD,WIPR230579,25130
REMOVE,DASA230179,25181
GETSV,25194
REMOVE,PHYS111202,25077
REMOVE,INMA220305,25039
GETHP,IPPA233277
ADD,IPPA233277,25196
ADD,CLCO332779,25127
REMOVE,INSO321005,25070
REMOVE,IQMA220205,25089
GETHP,PHYS130902
ADD,LLCT120205,25038
REMOVE,MATH132401,25168
GETSV,25102
GETSV,25012
GETSV,25026
ADD,INMA220305,25117
REMOVE,LLCT120205,25140
REMOVE,FOIT331380,25119
ADD,ESYS431080,25046
ADD,PRTE230385,25169
GETHP,ENCS330537
GETHP,PHYS130902
GETHP,IVNC320905
GETSV,25200
ADD,DBMS330284,25067
GETHP,IPPA233277
GETHP,ENCS330537
REMOVE,INIT130185,25174
GETSV,25124
ADD,ARIN330585,25062
REMOVE,MATH132501,25049
ADD,GEFC220105,25027
ADD,INOT231780,25085
GETHP,MATH132401
GETHP,OOPR230279
GETHP,OOPR230279
ADD,IQMA220205,25137
GETHP,INSO321005
REMOVE,MATH132501,25145
REMOVE,OPSY330280,25179
REMOVE,MALE431984,25074
ADD,LLCT130105,25192
ADD,NEES330380,25115
GETHP,LESK120190
REMOVE,ENCS330537,25120
REMOVE,ECOM430984,25039
ADD,OOPR230279,25022
ADD,CAAL230180,25088
GETSV,25006
GETSV,25028
GETSV,25162
REMOVE,INLO220405,25100
REMOVE,FOIT331380,25111
GETSV,25164
REMOVE,WOPS120390,25102
ADD,IVNC320905,25024
REMOVE,WEPR330479,25170
REMOVE,PRTE230385,25181
REMOVE,OOPR230279,25012
ADD,ARIN330585,25014
ADD,OPSY330280,25089
REMOVE,CAAL230180,25096
REMOVE,DIGR240485,25026
ADD,INOT231780,25013
GETSV,25154
REMOVE,PHYS111202,25021
GETHP,ENCS330537
GETHP,IPPA233277
REMOVE,INLO220405,25010
GETSV,25176
GETSV,25184
ADD,WIPR230579,25170
ADD,CLCO332779,25033
ADD,SOEN330679,25075
REMOVE,WOPS120390,25114
GETSV,25152
GETSV,25014
ADD,LESK120190,25192
GETSV,25030
GETSV,25108
GETSV,25146
ADD,PRBE214262,25197
ADD,DASA230179,25009
ADD,LLCT120314,25019
ADD,PRBE214262,25141
ADD,INLO220405,25116
GETSV,25026
GETSV,25076
REMOVE,INPR140285,25111
REMOVE,WEPR330479,25110
GETSV,25188
ADD,PRTE230385,25175
REMOVE,INSO321005,25078
ADD,IQMA220205,25089
REMOVE,ESYS431080,25120
REMOVE,GELA236939,25179
GETSV,25048
ADD,NEES330380,25051
GETHP,ESYS431080
ADD,CAAL230180,25104
REMOVE,GEFC220105,25091
ADD,MATH132401,25162
ADD,SOEN330679,25165
ADD,WIPR230579,25156
GETSV,25018
ADD,LLCT220514,25180
REMOVE,MATH143001,25097
ADD,MATH132401,25048
REMOVE,PRBE214262,25027
REMOVE,OOPR230279,25058
ADD,INSO321005,25172
ADD,FOIT331380,25199
ADD,WEPR330479,25144
ADD,PRBE214262,25051
ADD,PRBE214262,25045
ADD,PHYS111202,25129
REMOVE,ENCS330537,25192
ADD,PHYS111202,25099
GETHP,MALE431984
REMOVE,WEPR330479,25154
ADD,MATH132501,25093
GETHP,INSO321005
ADD,LLCT120205,25154
GETSV,25098
GETSV,25184
REMOVE,INIT130185,25164
ADD,EEEN234162,25079
ADD,MATH132501,25197
GETHP,LLCT120205
ADD,INOT231780,25109
GETHP,IPPA233277
REMOVE,NEES330380,25103
REMOVE,WEPR330479,25070
REMOVE,DASA230179,25009
ADD,ARIN330585,25136
GETSV,25152
ADD,IVNC320905,25130
ADD,SOEN330679,25077
REMOVE,WOPS120390,25004
ADD,MATH132401,25038
REMOVE,IQMA220205,25057
ADD,GEFC220105,25179
ADD,PHYS130902,25018
ADD,DBMS330284,25133
ADD,ARIN330585,25108
ADD,CLCO332779,25111
REMOVE,MATH132901,25198
GETSV,25036
GETHP,ESYS431080
GETSV,25116
ADD,LLCT120314,25167
GETHP,MALE431984
REMOVE,WEPR330479,25074
ADD,DASA230179,25165
ADD,OOPR230279,25012
ADD,INIT130185,25110
REMOVE,OPSY330280,25017
ADD,MATH132901,25104
GETHP,LLCT220514
GETHP,MALE431984
GETHP,INLO220405
GETHP,PHYS130902
REMOVE,MALE431984,25114
REMOVE,ARIN330585,25164
REMOVE,INSE330380,25062
REMOVE,LLCT120314,25121
GETHP,ARIN330585
ADD,MALE431984,25136
REMOVE,NEES330380,25027
ADD,LLCT130105,25090
REMOVE,ARIN330585,25116
ADD,MATH143001,25047
GETSV,25036
ADD,INOT231780,25095
ADD,CLCO332779,25073
ADD,MATH132901,25152
REMOVE,LLCT130105,25102
GETSV,25158
GETSV,25172
ADD,ECOM430984,25143
GETSV,25092
ADD,NEES330380,25007
GETHP,INIT130185
ADD,FOIT331380,25019
GETHP,CAAL230180
ADD,INSE330380,25010
ADD,PHYS111202,25037
GETSV,25028
ADD,NEES330380,25095
ADD,ECOM430984,25017
GETHP,CAAL230180
GETSV,25060
ADD,ECOM430984,25047
GETHP,LLCT220514
ADD,INIT130185,25172
GETSV,25084
REMOVE,PRTE230385,25175
ADD,OOPR230279,25174
REMOVE,NEES330380,25113
ADD,WIPR230579,25008
ADD,PHYS130902,25106
ADD,GEFC220105,25053
GETSV,25188
GETSV,25106
GETSV,25160
GETSV,25102
REMOVE,PRBE214262,25177
ADD,DIPR430685,25104
ADD,LLCT220514,25058
GETSV,25200
GETSV,25094
ADD,EEEN234162,25041
REMOVE,OPSY330280,25107
GETSV,25200
GETSV,25128
GETSV,25006
GETSV,25156
REMOVE,ENPS220591,25177
ADD,NEES330380,25163
REMOVE,LLCT120314,25093
GETHP,IVNC320905
GETHP,INSE330380
GETHP,MATH132901
ADD,INIT130185,25090
GETSV,25128
REMOVE,DBSY240184,25147
REMOVE,IPPA233277,25194
REMOVE,CLCO332779,25061
GETHP,MATH132401
ADD,INSE330380,25162
ADD,INMA220305,25127
REMOVE,LESK120190,25150
GETSV,25182
REMOVE,SPPR330885,25064
GETHP,WOPS120390
GETHP,SPPR330885
ADD,FOIT331380,25195
REMOVE,INPR140285,25069
GETHP,PHYS130902
ADD,IPPA233277,25106
ADD,DBSY240184,25117
ADD,DIPR430685,25172
ADD,INSO321005,25022
GETSV,25084
GETSV,25194
ADD,INIT130185,25062
GETSV,25198
GETSV,25036
REMOVE,DBMS330284,25127
GETHP,WOPS120390
REMOVE,ARIN330585,25052
REMOVE,FOIT331380,25039
GETSV,25100
ADD,NEES330380,25023
GETSV,25036
REMOVE,MATH132501,25151
ADD,ARIN330585,25142
GETSV,25188
REMOVE,EEEN234162,25135
GETSV,25036
REMOVE,ENPS220591,25095
GETHP,INLO220405
REMOVE,INLO220405,25144
GETSV,25134
GETHP,PHYS130902
ADD,OPSY330280,25097
GETSV,25054
GETHP,WOPS120390
GETHP,ENCS330537
GETHP,INSE330380
REMOVE,LLCT220514,25020
GETSV,25058
REMOVE,MATH132401,25100
GETSV,25178
GETSV,25120
REMOVE,MATH132501,25093
ADD,MATH143001,25023
REMOVE,LLCT220514,25134
REMOVE,LLCT120405,25025
REMOVE,MATH132901,25192
REMOVE,MOPR331279,25033
REMOVE,IPPA233277,25160
ADD,MALE431984,25132
ADD,DIGR240485,25038
ADD,DBSY240184,25073
REMOVE,MATH132401,25152
GETSV,25158
ADD,MATH132901,25096
REMOVE,CLCO332779,25027
GETHP,MALE431984
GETHP,OOPR230279
REMOVE,DBSY240184,25113
REMOVE,PRTE230385,25067
GETHP,WOPS120390
REMOVE,INIT130185,25072
ADD,OPSY330280,25123
ADD,DBSY240184,25197
GETHP,LLCT220514
ADD,PHYS111202,25167
ADD,LLCT220514,25022
REMOVE,MOPR331279,25113
GETSV,25200
ADD,LLCT120205,25194
GETSV,25176
ADD,FOIT331380,25115
ADD,EEEN234162,25101
GETSV,25002
REMOVE,INPR140285,25189
ADD,LLCT130105,25116
GETHP,INSE330380
ADD,LESK120190,25124
GETSV,25018
ADD,DASA230179,25101
GETHP,IVNC320905
ADD,DIPR430685,25020
ADD,NEES330380,25183
ADD,ENCS330537,25070
ADD,FOIT331380,25099
ADD,MALE431984,25042
GETHP,DIGR240485
REMOVE,LLCT130105,25106
REMOVE,MATH132501,25165
REMOVE,MALE431984,25124
ADD,INOT231780,25159
ADD,MATH132501,25065
ADD,INLO220405,25136
ADD,PRTE230385,25051
ADD,IVNC320905,25090
ADD,DBSY240184,25093
REMOVE,LLCT120405,25159
ADD,INPR140285,25067
REMOVE,PHYS130902,25194
REMOVE,CLCO332779,25013
GETHP,SPPR330885
ADD,INSO321005,25068
GETSV,25050
REMOVE,NEES330380,25141
ADD,IVNC320905,25036
REMOVE,IPPA233277,25046
REMOVE,INPR140285,25107
ADD,ECOM430984,25039
ADD,INSO321005,25062
ADD,MATH143001,25169
ADD,OOPR230279,25176
GETSV,25118
GETSV,25140
GETSV,25122
REMOVE,DBSY240184,25189
GETHP,WIPR230579
ADD,PRBE214262,25085
REMOVE,LLCT220514,25124
ADD,PHYS111202,25127
GETSV,25028
GETHP,CAAL230180
GETHP,ESYS431080
REMOVE,INSE330380,25130
REMOVE,PRBE214262,25125
ADD,DIPR430685,25068
ADD,MALE431984,25182
GETHP,INLO220405
REMOVE,ENCS330537,25046
GETHP,WOPS120390
REMOVE,MATH132401,25192
ADD,WIPR230579,25178
GETSV,25058
GETSV,25112
GETSV,25158
REMOVE,EEEN234162,25033
REMOVE,DIPR430685,25008
GETSV,25134
GETSV,25038
REMOVE,PRBE214262,25113
REMOVE,IVNC320905,25168
GETHP,INIT130185
REMOVE,EEEN234162,25151
REMOVE,CAAL230180,25142
ADD,DIPR430685,25176
ADD,MATH132501,25027
ADD,WIPR230579,25026
REMOVE,PRTE230385,25077
ADD,SPPR330885,25044
REMOVE,LLCT120205,25142
ADD,GELA236939,25155
ADD,PHYS130902,25134
REMOVE,DIPR430685,25152
REMOVE,INSO321005,25106
REMOVE,INOT231780,25093
REMOVE,INOT231780,25103
ADD,WIPR230579,25110
REMOVE,ECOM430984,25113
GETSV,25014
REMOVE,ECOM430984,25115
ADD,INIT130185,25034
ADD,MATH132501,25141
ADD,ARIN330585,25196
ADD,INLO220405,25160
REMOVE,EEEN234162,25139
GETSV,25048
ADD,IQMA220205,25051
GETSV,25120
ADD,LLCT120405,25187
GETHP,MATH132401
GETHP,ENCS330537
GETHP,MALE431984
ADD,IVNC320905,25062
GETSV,25004
ADD,FOIT331380,25015
ADD,LESK120190,25110
GETHP,ENCS330537
REMOVE,CAAL230180,25174
REMOVE,FOIT331380,25001
REMOVE,ARIN330585,25136
ADD,OPSY330280,25131
ADD,INOT231780,25141
ADD,LLCT130105,25054
REMOVE,DBMS330284,25025
REMOVE,MATH132401,25120
REMOVE,IQMA220205,25027
ADD,SPPR330885,25186
ADD,PRBE214262,25117
ADD,LLCT130105,25172
ADD,LLCT120405,25015
ADD,LLCT220514,25086
ADD,CLCO332779,25121
GETHP,LESK120190
ADD,WEPR330479,25118
ADD,PRBE214262,25073
GETHP,INSO321005
ADD,CLCO332779,25093
GETHP,INLO220405
REMOVE,MATH132501,25013
REMOVE,WEPR330479,25020
GETSV,25010
ADD,MATH132501,25069
ADD,DIGR240485,25086
GETSV,25196
ADD,INIT130185,25022
REMOVE,OPSY330280,25049
ADD,MATH132901,25192
ADD,PRBE214262,25099
GETHP,IPPA233277
REMOVE,PRBE214262,25131
ADD,CAAL230180,25130
GETSV,25002
ADD,LLCT120405,25117
ADD,PHYS130902,25148
GETSV,25106
GETSV,25152
ADD,NEES330380,25059
GETSV,25178
REMOVE,OPSY330280,25159
REMOVE,DIGR240485,25086
REMOVE,MOPR331279,25161
REMOVE,LLCT120405,25069
GETSV,25010
ADD,INMA220305,25013
ADD,LESK120190,25108
REMOVE,PRTE230385,25191
REMOVE,ENPS220591,25025
REMOVE,CAAL230180,25160
GETHP,WOPS120390
REMOVE,INMA220305,25021
ADD,DBMS330284,25139
ADD,DIGR240485,25090
ADD,LLCT220514,25172
GETSV,25172
ADD,MATH132501,25135
GETHP,OOPR230279
REMOVE,WEPR330479,25022
ADD,LLCT120314,25033
ADD,DIGR240485,25024
ADD,LLCT120205,25010
REMOVE,CAAL230180,25124
REMOVE,ENCS330537,25174
ADD,DASA230179,25025
GETHP,INSO321005
ADD,INSO321005,25134
ADD,LLCT120314,25105
ADD,WOPS120390,25114
REMOVE,ESYS431080,25124
ADD,MATH143001,25063
GETHP,INLO220405
REMOVE,INSE330380,25044
ADD,MOPR331279,25079
ADD,PRBE214262,25145
REMOVE,LLCT220514,25116
REMOVE,WEPR330479,25102
REMOVE,SOEN330679,25053
REMOVE,LLCT120205,25148
REMOVE,PRTE230385,25151
REMOVE,WOPS120390,25022
GETHP,OOPR230279
GETSV,25034
ADD,CAAL230180,25012
GETSV,25100
ADD,LLCT120314,25175
ADD,WEPR330479,25102
GETSV,25020
GETSV,25108
REMOVE,INMA220305,25079
ADD,INSE330380,25150
GETSV,25100
ADD,MOPR331279,25159
GETHP,LLCT120205
ADD,PRBE214262,25047
REMOVE,WIPR230579,25110
REMOVE,ECOM430984,25073
ADD,LLCT120205,25112
ADD,ENPS220591,25171
GETHP,WOPS120390
ADD,DBMS330284,25155
ADD,IQMA220205,25133
GETSV,25146
REMOVE,DIPR430685,25116
ADD,IVNC320905,25038
ADD,INSE330380,25170
ADD,GEFC220105,25197
ADD,EEEN234162,25119
REMOVE,INLO220405,25182
ADD,INPR140285,25017
REMOVE,WEPR330479,25200
REMOVE,MOPR331279,25187
REMOVE,DASA230179,25141
REMOVE,IPPA233277,25164
REMOVE,LESK120190,25166
ADD,LLCT120314,25009
ADD,IVNC320905,25120
ADD,NEES330380,25003
ADD,DBMS330284,25175
ADD,WIPR230579,25102
REMOVE,MATH132501,25123
ADD,INSE330380,25042
REMOVE,MOPR331279,25101
GETHP,WOPS120390
REMOVE,DBSY240184,25093
GETHP,INIT130185
REMOVE,INOT231780,25125
ADD,INLO220405,25084
ADD,FOIT331380,25127
ADD,MATH132901,25136
GETHP,IVNC320905
GETHP,LLCT120205
ADD,WOPS120390,25004
ADD,IPPA233277,25070
ADD,EEEN234162,25177
GETSV,25006
REMOVE,IPPA233277,25136
REMOVE,ARIN330585,25066
ADD,DBSY240184,25037
ADD,MALE431984,25020
ADD,SOEN330679,25015
REMOVE,INSO321005,25046
ADD,WOPS120390,25162
GETSV,25176
ADD,MATH143001,25083
REMOVE,WOPS120390,25042
REMOVE,ENPS220591,25039
GETHP,LLCT130105
GETSV,25170
GETSV,25056
ADD,IQMA220205,25021
GETHP,MATH132401
ADD,MATH132901,25058
ADD,WEPR330479,25068
REMOVE,PRTE230385,25015
GETSV,25084
GETSV,25186
REMOVE,MATH143001,25125
GETHP,LLCT130105
GETHP,LESK120190
GETHP,MATH132401
REMOVE,MATH132501,25091
REMOVE,OOPR230279,25122
GETSV,25052
ADD,INOT231780,25111
REMOVE,INSO321005,25038
REMOVE,INIT130185,25008
ADD,GEFC220105,25011
GETSV,25080
GETSV,25046
GETSV,25100
GETSV,25068
ADD,PHYS111202,25015
ADD,FOIT331380,25105
REMOVE,EEEN234162,25101
REMOVE,PHYS130902,25164
GETHP,LESK120190
REMOVE,WIPR230579,25108
ADD,MOPR331279,25095
GETHP,INSE330380
REMOVE,INLO220405,25038
ADD,ENPS220591,25065
ADD,INSO321005,25064
GETSV,25118
ADD,DASA230179,25033
ADD,DIGR240485,25176
ADD,PHYS111202,25091
ADD,INLO220405,25034
GETHP,WEPR330479
ADD,MOPR331279,25181
ADD,SOEN330679,25151
GETSV,25022
GETSV,25180
GETSV,25162
ADD,INOT231780,25125
GETHP,INIT130185
REMOVE,LESK120190,25052
GETSV,25042
ADD,IQMA220205,25029
GETHP,IPPA233277
ADD,SPPR330885,25194
GETSV,25080
REMOVE,WIPR230579,25018
GETSV,25088
GETHP,LLCT120205
ADD,CAAL230180,25064
REMOVE,PRTE230385,25035
REMOVE,SPPR330885,25098
REMOVE,FOIT331380,25007
ADD,INSO321005,25192
GETSV,25174
REMOVE,MATH132901,25160
GETHP,LLCT220514
GETHP,LESK120190
GETSV,25022
REMOVE,LLCT120405,25173
ADD,WOPS120390,25180
REMOVE,DBMS330284,25175
GETHP,INSE330380
ADD,WIPR230579,25100
REMOVE,ENPS220591,25183
ADD,ESYS431080,25158
REMOVE,DASA230179,25137
ADD,WOPS120390,25064
ADD,DBMS330284,25043
ADD,PRBE214262,25173
ADD,LLCT120405,25119
ADD,LESK120190,25008
ADD,PRBE214262,25035
REMOVE,INPR140285,25197
ADD,DIGR240485,25132
GETSV,25002
ADD,MATH132501,25095
REMOVE,SPPR330885,25046
GETSV,25076
ADD,PHYS130902,25142
REMOVE,SPPR330885,25184
GETSV,25166
ADD,INLO220405,25080
GETSV,25030
REMOVE,ECOM430984,25153
ADD,LESK120190,25104
ADD,LLCT120314,25197
GETHP,LLCT120205
ADD,INIT130185,25186
REMOVE,LLCT120405,25077
ADD,IVNC320905,25004
ADD,SOEN330679,25159
ADD,WEPR330479,25070
ADD,SOEN330679,25163
GETHP,IVNC320905
ADD,INMA220305,25179
REMOVE,INPR140285,25013
ADD,OPSY330280,25151
ADD,SPPR330885,25126
GETSV,25092
GETSV,25050
REMOVE,MOPR331279,25001
REMOVE,LLCT130105,25144
GETSV,25024
GETSV,25040
GETSV,25158
REMOVE,MATH132501,25193
REMOVE,PHYS130902,25104
GETHP,MALE431984
GETSV,25016
GETHP,ENCS330537
GETHP,SPPR330885
REMOVE,ARIN330585,25198
REMOVE,MOPR331279,25041
REMOVE,MOPR331279,25091
REMOVE,MALE431984,25026
REMOVE,INSE330380,25164
GETSV,25178
REMOVE,GELA236939,25079
REMOVE,INSE330380,25198
REMOVE,INPR140285,25113
GETHP,INSE330380
ADD,ENCS330537,25008
ADD,ECOM430984,25195
GETHP,ENCS330537
